character,node,create,node_type,election,AAfriend,flapflap,flapeye,step
AA,node_0,20250512-09:00:00,thought,1,6,6,5,0
AA,node_1,20250512-09:03:00,chat,1,6,7,5,1
AA,node_2,20250512-09:06:00,event,1,6,7,6,2
AA,node_3,20250512-09:12:00,event,1,6,7,5,4
AA,node_4,20250512-09:12:00,event,1,6,7,5,4
AA,node_5,20250512-09:12:00,event,2,6,7,5,4
AA,node_6,20250512-09:15:00,event,1,6,7,5,5
AA,node_7,20250512-09:18:00,event,1,6,7,5,6
AA,node_8,20250512-09:30:00,event,1,6,7,5,10
AA,node_9,20250512-09:33:00,event,1,6,7,5,11
AA,node_10,20250512-09:36:00,event,1,6,7,5,12
AA,node_11,20250512-09:36:00,event,1,6,7,6,12
AA,node_12,20250512-09:39:00,event,1,6,7,4,13
AA,node_13,20250512-09:45:00,event,1,6,7,4,15
AA,node_14,20250512-09:48:00,event,1,6,7,5,16
AA,node_15,20250512-09:48:00,event,1,6,7,5,16
AA,node_16,20250512-09:54:00,event,1,6,7,6,18
AA,node_17,20250512-09:57:00,event,1,6,7,5,19
AA,node_18,20250512-09:57:00,event,1,6,7,5,19
AA,node_19,20250512-10:06:00,event,2,6,7,5,22
AA,node_20,20250512-10:09:00,event,1,6,7,5,23
AA,node_21,20250512-10:09:00,event,1,7,7,5,23
AA,node_22,20250512-10:09:00,event,1,6,7,5,23
AA,node_23,20250512-10:12:00,event,1,6,7,5,24
AA,node_24,20250512-10:12:00,event,1,6,7,5,24
AA,node_25,20250512-10:12:00,thought,1,6,7,5,24
AA,node_26,20250512-10:12:00,thought,1,6,7,5,24
AA,node_27,20250512-10:12:00,thought,2,6,7,5,24
AA,node_28,20250512-10:12:00,thought,1,6,6,5,24
AA,node_29,20250512-10:12:00,thought,2,6,7,5,24
AA,node_30,20250512-10:12:00,thought,1,7,6,5,24
AA,node_31,20250512-10:12:00,thought,1,7,6,6,24
AA,node_32,20250512-10:12:00,thought,1,6,7,5,24
AA,node_33,20250512-10:12:00,thought,1,6,7,5,24
AA,node_34,20250512-10:12:00,thought,1,7,7,5,24
AA,node_35,20250512-10:12:00,thought,1,6,7,5,24
AA,node_36,20250512-10:12:00,thought,1,7,6,5,24
AA,node_37,20250512-10:12:00,thought,1,6,7,5,24
AA,node_38,20250512-10:12:00,thought,1,7,7,5,24
AA,node_39,20250512-10:12:00,thought,1,6,6,5,24
AA,node_40,20250512-10:12:00,thought,1,6,6,5,24
AA,node_41,20250512-10:12:00,thought,1,6,6,6,24
AA,node_42,20250512-10:15:00,chat,1,7,6,5,25
AA,node_43,20250512-10:18:00,event,1,6,6,5,26
AA,node_44,20250512-10:18:00,event,1,7,7,5,26
AA,node_45,20250512-10:21:00,chat,1,7,7,5,27
AA,node_46,20250512-10:21:00,event,1,7,6,5,27
AA,node_47,20250512-10:24:00,event,1,7,6,5,28
AA,node_48,20250512-10:27:00,event,1,7,6,5,29
AA,node_49,20250512-10:27:00,event,1,7,7,5,29
AA,node_50,20250512-10:27:00,event,1,7,6,5,29
AA,node_51,20250512-10:27:00,event,1,7,7,5,29
AA,node_52,20250512-10:30:00,event,1,7,7,5,30
AA,node_53,20250512-10:36:00,event,1,7,7,5,32
AA,node_54,20250512-10:39:00,event,1,7,7,5,33
AA,node_55,20250512-10:39:00,event,1,7,6,5,33
AA,node_56,20250512-10:39:00,event,1,7,6,5,33
AA,node_57,20250512-10:42:00,event,1,7,7,5,34
AA,node_58,20250512-10:42:00,event,1,7,7,5,34
AA,node_59,20250512-10:45:00,chat,1,7,7,5,35
AA,node_60,20250512-10:48:00,chat,1,7,6,5,36
AA,node_61,20250512-10:51:00,event,1,6,6,5,37
AA,node_62,20250512-10:54:00,event,1,7,7,5,38
AA,node_63,20250512-10:54:00,event,1,6,6,5,38
AA,node_64,20250512-10:57:00,chat,1,7,7,5,39
BB,node_0,20250512-09:00:00,thought,2,5,7,5,0
BB,node_1,20250512-09:03:00,chat,2,8,8,5,1
BB,node_2,20250512-09:06:00,chat,2,8,8,5,2
BB,node_3,20250512-09:09:00,event,2,7,7,5,3
BB,node_4,20250512-09:09:00,chat,2,8,7,5,3
BB,node_5,20250512-09:09:00,event,2,8,8,5,3
BB,node_6,20250512-09:09:00,event,2,8,8,6,3
BB,node_7,20250512-09:09:00,event,2,7,7,6,3
BB,node_8,20250512-09:09:00,event,2,8,8,6,3
BB,node_9,20250512-09:12:00,event,2,8,8,6,4
BB,node_10,20250512-09:15:00,event,2,8,8,5,5
BB,node_11,20250512-09:18:00,event,2,8,8,5,6
BB,node_12,20250512-09:18:00,event,2,7,8,5,6
BB,node_13,20250512-09:21:00,event,2,7,7,6,7
BB,node_14,20250512-09:21:00,event,2,6,8,5,7
BB,node_15,20250512-09:21:00,event,2,6,8,6,7
BB,node_16,20250512-09:24:00,event,2,6,7,6,8
BB,node_17,20250512-09:30:00,event,2,5,8,6,10
BB,node_18,20250512-09:30:00,event,2,5,8,5,10
BB,node_19,20250512-09:36:00,event,2,7,8,5,12
BB,node_20,20250512-09:48:00,event,2,7,8,5,16
BB,node_21,20250512-09:54:00,event,2,5,7,5,18
BB,node_22,20250512-10:03:00,event,2,7,7,5,21
BB,node_23,20250512-10:03:00,event,2,8,8,5,21
BB,node_24,20250512-10:03:00,event,2,7,7,5,21
BB,node_25,20250512-10:03:00,event,2,7,7,5,21
BB,node_26,20250512-10:03:00,event,2,7,7,6,21
BB,node_27,20250512-10:03:00,thought,2,7,7,5,21
BB,node_28,20250512-10:03:00,thought,2,5,8,6,21
BB,node_29,20250512-10:03:00,thought,2,7,8,6,21
BB,node_30,20250512-10:03:00,thought,2,7,8,6,21
BB,node_31,20250512-10:03:00,thought,2,7,7,6,21
BB,node_32,20250512-10:03:00,thought,2,7,8,5,21
BB,node_33,20250512-10:03:00,thought,2,7,8,5,21
BB,node_34,20250512-10:03:00,thought,2,7,8,6,21
BB,node_35,20250512-10:03:00,thought,2,7,8,5,21
BB,node_36,20250512-10:03:00,thought,2,7,8,5,21
BB,node_37,20250512-10:03:00,thought,2,7,8,5,21
BB,node_38,20250512-10:03:00,thought,2,7,8,6,21
BB,node_39,20250512-10:03:00,thought,2,7,7,5,21
BB,node_40,20250512-10:03:00,thought,2,7,8,5,21
BB,node_41,20250512-10:03:00,thought,2,7,8,5,21
BB,node_42,20250512-10:03:00,thought,2,7,8,5,21
BB,node_43,20250512-10:03:00,thought,2,7,7,5,21
BB,node_44,20250512-10:06:00,chat,2,7,8,5,22
BB,node_45,20250512-10:09:00,chat,2,7,7,5,23
BB,node_46,20250512-10:09:00,event,2,7,8,5,23
BB,node_47,20250512-10:09:00,event,2,6,8,5,23
BB,node_48,20250512-10:12:00,event,2,7,8,6,24
BB,node_49,20250512-10:18:00,event,2,7,7,6,26
BB,node_50,20250512-10:18:00,event,2,7,8,5,26
BB,node_51,20250512-10:18:00,event,2,7,8,5,26
BB,node_52,20250512-10:21:00,chat,2,7,8,5,27
BB,node_53,20250512-10:21:00,event,2,7,8,5,27
BB,node_54,20250512-10:24:00,event,2,7,7,5,28
BB,node_55,20250512-10:27:00,chat,2,7,8,5,29
BB,node_56,20250512-10:27:00,event,2,7,8,5,29
BB,node_57,20250512-10:30:00,event,2,7,8,5,30
BB,node_58,20250512-10:33:00,chat,2,7,8,5,31
BB,node_59,20250512-10:33:00,event,2,7,8,5,31
BB,node_60,20250512-10:36:00,chat,2,7,8,5,32
BB,node_61,20250512-10:39:00,event,2,7,8,5,33
BB,node_62,20250512-10:39:00,event,2,7,8,5,33
BB,node_63,20250512-10:42:00,event,2,7,8,6,34
BB,node_64,20250512-10:45:00,event,2,7,8,5,35
BB,node_65,20250512-10:45:00,event,2,8,7,5,35
BB,node_66,20250512-10:51:00,chat,2,8,8,5,37
BB,node_67,20250512-10:51:00,event,2,8,8,5,37
BB,node_68,20250512-10:51:00,thought,2,8,8,5,37
BB,node_69,20250512-10:51:00,thought,2,8,8,5,37
BB,node_70,20250512-10:51:00,thought,2,8,8,6,37
BB,node_71,20250512-10:51:00,thought,2,8,8,5,37
BB,node_72,20250512-10:51:00,thought,2,8,8,5,37
BB,node_73,20250512-10:51:00,thought,2,7,8,5,37
BB,node_74,20250512-10:51:00,thought,2,7,8,6,37
BB,node_75,20250512-10:51:00,thought,2,8,8,5,37
BB,node_76,20250512-10:51:00,thought,2,8,8,5,37
BB,node_77,20250512-10:51:00,thought,2,8,8,5,37
BB,node_78,20250512-10:51:00,thought,2,8,8,5,37
BB,node_79,20250512-10:51:00,thought,2,8,8,6,37
BB,node_80,20250512-10:51:00,thought,2,8,8,5,37
BB,node_81,20250512-10:51:00,thought,2,7,8,5,37
BB,node_82,20250512-10:51:00,thought,2,8,8,5,37
BB,node_83,20250512-10:51:00,thought,2,8,8,6,37
BB,node_84,20250512-10:51:00,thought,2,8,8,6,37
BB,node_85,20250512-10:54:00,event,2,7,8,6,38
BB,node_86,20250512-10:57:00,chat,2,8,7,5,39
CC,node_0,20250512-09:00:00,thought,9,5,7,5,0
CC,node_1,20250512-09:03:00,chat,9,7,7,5,1
CC,node_2,20250512-09:06:00,event,9,8,7,5,2
CC,node_3,20250512-09:06:00,event,9,8,7,5,2
CC,node_4,20250512-09:06:00,event,9,8,7,5,2
CC,node_5,20250512-09:09:00,chat,9,7,7,5,3
CC,node_6,20250512-09:09:00,event,2,3,7,5,3
CC,node_7,20250512-09:12:00,event,1,7,7,5,4
CC,node_8,20250512-09:18:00,event,1,7,7,4,6
CC,node_9,20250512-09:24:00,event,1,5,7,5,8
CC,node_10,20250512-09:33:00,event,9,7,7,4,11
CC,node_11,20250512-09:33:00,event,1,5,6,5,11
CC,node_12,20250512-09:36:00,event,1,5,7,5,12
CC,node_13,20250512-09:39:00,event,9,6,7,4,13
CC,node_14,20250512-09:42:00,event,1,6,6,5,14
CC,node_15,20250512-09:45:00,event,1,7,7,5,15
CC,node_16,20250512-09:45:00,event,1,7,7,4,15
CC,node_17,20250512-09:48:00,event,1,6,7,5,16
CC,node_18,20250512-09:48:00,event,1,6,7,5,16
CC,node_19,20250512-09:51:00,event,1,7,7,4,17
CC,node_20,20250512-09:51:00,event,1,7,7,4,17
CC,node_21,20250512-09:57:00,event,1,7,7,4,19
CC,node_22,20250512-10:00:00,event,1,7,7,5,20
CC,node_23,20250512-10:03:00,event,1,7,7,5,21
CC,node_24,20250512-10:06:00,chat,1,7,7,5,22
CC,node_25,20250512-10:06:00,event,1,7,7,5,22
CC,node_26,20250512-10:06:00,thought,1,7,7,5,22
CC,node_27,20250512-10:06:00,thought,1,7,7,5,22
CC,node_28,20250512-10:06:00,thought,1,7,7,5,22
CC,node_29,20250512-10:06:00,thought,1,7,7,5,22
CC,node_30,20250512-10:06:00,thought,1,7,7,5,22
CC,node_31,20250512-10:06:00,thought,1,7,7,5,22
CC,node_32,20250512-10:06:00,thought,1,7,7,5,22
CC,node_33,20250512-10:06:00,thought,1,7,7,5,22
CC,node_34,20250512-10:06:00,thought,1,7,7,4,22
CC,node_35,20250512-10:06:00,thought,1,7,7,5,22
CC,node_36,20250512-10:06:00,thought,1,7,7,5,22
CC,node_37,20250512-10:06:00,thought,1,7,7,5,22
CC,node_38,20250512-10:06:00,thought,1,7,7,5,22
CC,node_39,20250512-10:06:00,thought,1,7,7,5,22
CC,node_40,20250512-10:06:00,thought,1,7,7,5,22
CC,node_41,20250512-10:06:00,thought,1,7,7,5,22
CC,node_42,20250512-10:06:00,thought,1,7,7,5,22
CC,node_43,20250512-10:09:00,event,1,7,7,5,23
CC,node_44,20250512-10:12:00,event,1,7,7,5,24
CC,node_45,20250512-10:12:00,event,1,7,7,5,24
CC,node_46,20250512-10:12:00,event,1,7,7,5,24
CC,node_47,20250512-10:12:00,event,1,7,7,5,24
CC,node_48,20250512-10:12:00,event,1,7,7,5,24
CC,node_49,20250512-10:18:00,chat,1,7,7,5,26
CC,node_50,20250512-10:21:00,chat,1,7,7,5,27
CC,node_51,20250512-10:24:00,event,1,7,7,5,28
CC,node_52,20250512-10:24:00,event,1,7,7,5,28
CC,node_53,20250512-10:27:00,event,1,7,7,5,29
CC,node_54,20250512-10:30:00,event,2,7,7,5,30
CC,node_55,20250512-10:33:00,event,2,7,7,5,31
CC,node_56,20250512-10:33:00,event,2,7,7,5,31
CC,node_57,20250512-10:36:00,chat,2,7,7,5,32
CC,node_58,20250512-10:36:00,event,2,7,7,5,32
CC,node_59,20250512-10:39:00,chat,2,7,7,5,33
CC,node_60,20250512-10:39:00,event,2,7,7,5,33
CC,node_61,20250512-10:42:00,event,2,7,7,5,34
CC,node_62,20250512-10:48:00,event,2,7,7,5,36
CC,node_63,20250512-10:51:00,event,2,7,7,4,37
DD,node_0,20250512-09:00:00,thought,9,5,6,5,0
DD,node_1,20250512-09:03:00,chat,9,5,6,4,1
DD,node_2,20250512-09:06:00,event,9,7,6,4,2
DD,node_3,20250512-09:06:00,event,9,7,7,4,2
DD,node_4,20250512-09:06:00,event,9,7,6,4,2
DD,node_5,20250512-09:06:00,event,9,7,6,4,2
DD,node_6,20250512-09:15:00,event,9,7,7,4,5
DD,node_7,20250512-09:21:00,event,9,7,7,4,7
DD,node_8,20250512-09:21:00,event,9,5,7,5,7
DD,node_9,20250512-09:30:00,event,1,5,7,4,10
DD,node_10,20250512-09:36:00,event,1,5,7,4,12
DD,node_11,20250512-09:36:00,event,9,5,7,4,12
DD,node_12,20250512-09:36:00,event,1,6,7,4,12
DD,node_13,20250512-09:36:00,event,9,5,7,4,12
DD,node_14,20250512-09:36:00,event,9,5,7,4,12
DD,node_15,20250512-09:42:00,event,9,5,6,4,14
DD,node_16,20250512-09:51:00,event,9,5,7,5,17
DD,node_17,20250512-09:54:00,event,9,6,7,4,18
DD,node_18,20250512-09:54:00,event,9,5,7,4,18
DD,node_19,20250512-10:03:00,event,1,5,7,4,21
DD,node_20,20250512-10:03:00,event,1,5,7,5,21
DD,node_21,20250512-10:03:00,event,9,6,7,5,21
DD,node_22,20250512-10:03:00,event,9,5,7,4,21
DD,node_23,20250512-10:06:00,event,9,5,7,4,22
DD,node_24,20250512-10:06:00,chat,9,5,7,3,22
DD,node_25,20250512-10:06:00,event,9,5,7,4,22
DD,node_26,20250512-10:09:00,event,1,5,7,4,23
DD,node_27,20250512-10:09:00,event,1,5,6,5,23
DD,node_28,20250512-10:09:00,event,9,6,7,4,23
DD,node_29,20250512-10:09:00,thought,1,5,7,5,23
DD,node_30,20250512-10:09:00,thought,1,5,7,5,23
DD,node_31,20250512-10:09:00,thought,1,6,7,4,23
DD,node_32,20250512-10:09:00,thought,1,5,7,5,23
DD,node_33,20250512-10:09:00,thought,1,5,7,4,23
DD,node_34,20250512-10:09:00,thought,9,5,6,5,23
DD,node_35,20250512-10:09:00,thought,1,5,7,5,23
DD,node_36,20250512-10:09:00,thought,1,6,7,4,23
DD,node_37,20250512-10:09:00,thought,1,6,7,4,23
DD,node_38,20250512-10:09:00,thought,1,6,7,5,23
DD,node_39,20250512-10:09:00,thought,1,5,7,5,23
DD,node_40,20250512-10:09:00,thought,9,5,7,5,23
DD,node_41,20250512-10:09:00,thought,1,6,7,4,23
DD,node_42,20250512-10:09:00,thought,1,5,6,5,23
DD,node_43,20250512-10:09:00,thought,1,5,7,5,23
DD,node_44,20250512-10:09:00,thought,1,5,7,4,23
DD,node_45,20250512-10:09:00,thought,1,6,7,5,23
DD,node_46,20250512-10:12:00,chat,1,6,6,5,24
DD,node_47,20250512-10:12:00,event,1,6,7,5,24
DD,node_48,20250512-10:12:00,event,1,5,7,5,24
DD,node_49,20250512-10:12:00,event,1,6,6,5,24
DD,node_50,20250512-10:15:00,chat,1,6,7,5,25
DD,node_51,20250512-10:18:00,event,2,6,7,5,26
DD,node_52,20250512-10:21:00,event,1,5,7,4,27
DD,node_53,20250512-10:21:00,event,1,6,7,3,27
DD,node_54,20250512-10:24:00,chat,2,6,7,4,28
DD,node_55,20250512-10:27:00,event,2,5,7,4,29
DD,node_56,20250512-10:27:00,chat,2,6,7,5,29
DD,node_57,20250512-10:27:00,event,2,6,7,5,29
DD,node_58,20250512-10:27:00,event,2,5,7,5,29
DD,node_59,20250512-10:30:00,event,2,7,7,4,30
DD,node_60,20250512-10:30:00,event,2,7,6,4,30
DD,node_61,20250512-10:30:00,event,2,6,7,4,30
DD,node_62,20250512-10:30:00,event,2,5,7,4,30
DD,node_63,20250512-10:30:00,event,2,5,7,5,30
DD,node_64,20250512-10:30:00,event,2,6,7,4,30
DD,node_65,20250512-10:36:00,chat,2,6,7,4,32
DD,node_66,20250512-10:39:00,event,2,6,7,5,33
DD,node_67,20250512-10:42:00,event,2,7,7,4,34
DD,node_68,20250512-10:45:00,chat,2,7,6,5,35
DD,node_69,20250512-10:45:00,event,2,6,7,4,35
DD,node_70,20250512-10:45:00,event,2,7,7,5,35
DD,node_71,20250512-10:48:00,event,2,7,7,4,36
DD,node_72,20250512-10:48:00,event,2,7,7,5,36
DD,node_73,20250512-10:48:00,event,2,5,7,5,36
DD,node_74,20250512-10:48:00,thought,2,6,7,4,36
DD,node_75,20250512-10:48:00,thought,2,5,7,3,36
DD,node_76,20250512-10:48:00,thought,2,5,7,5,36
DD,node_77,20250512-10:48:00,thought,2,6,7,5,36
DD,node_78,20250512-10:48:00,thought,2,6,7,4,36
DD,node_79,20250512-10:48:00,thought,2,6,7,5,36
DD,node_80,20250512-10:48:00,thought,2,6,7,5,36
DD,node_81,20250512-10:48:00,thought,2,6,7,5,36
DD,node_82,20250512-10:48:00,thought,2,6,7,5,36
DD,node_83,20250512-10:48:00,thought,2,6,7,4,36
DD,node_84,20250512-10:48:00,thought,2,6,7,4,36
DD,node_85,20250512-10:48:00,thought,2,6,7,5,36
DD,node_86,20250512-10:48:00,thought,2,6,7,4,36
DD,node_87,20250512-10:48:00,thought,2,6,7,4,36
DD,node_88,20250512-10:48:00,thought,2,6,7,5,36
DD,node_89,20250512-10:48:00,thought,2,6,7,5,36
DD,node_90,20250512-10:48:00,thought,2,6,7,4,36
DD,node_91,20250512-10:51:00,event,2,5,7,5,37
DD,node_92,20250512-10:54:00,event,2,7,7,5,38
DD,node_93,20250512-10:54:00,chat,2,7,7,5,38
DD,node_94,20250512-10:54:00,event,2,6,7,5,38
EE,node_0,20250512-09:00:00,thought,9,5,5,3,0
EE,node_1,20250512-09:03:00,event,9,5,5,3,1
EE,node_2,20250512-09:03:00,event,9,5,5,3,1
EE,node_3,20250512-09:06:00,chat,2,5,5,3,2
EE,node_4,20250512-09:09:00,event,2,3,5,3,3
EE,node_5,20250512-09:09:00,event,2,5,5,3,3
EE,node_6,20250512-09:12:00,event,2,3,5,3,4
EE,node_7,20250512-09:15:00,event,2,4,5,3,5
EE,node_8,20250512-09:18:00,event,2,4,5,3,6
EE,node_9,20250512-09:18:00,event,2,5,5,3,6
EE,node_10,20250512-09:18:00,event,2,4,5,3,6
EE,node_11,20250512-09:24:00,event,2,3,5,3,8
EE,node_12,20250512-09:27:00,event,2,4,5,3,9
EE,node_13,20250512-09:27:00,event,2,3,5,3,9
EE,node_14,20250512-09:27:00,event,2,3,5,3,9
EE,node_15,20250512-09:30:00,event,2,4,5,3,10
EE,node_16,20250512-09:33:00,event,2,3,5,3,11
EE,node_17,20250512-09:33:00,event,2,4,5,3,11
EE,node_18,20250512-09:36:00,event,2,5,5,3,12
EE,node_19,20250512-09:39:00,event,2,5,5,3,13
EE,node_20,20250512-09:45:00,event,2,3,5,3,15
EE,node_21,20250512-09:51:00,event,2,4,5,3,17
EE,node_22,20250512-09:51:00,event,2,3,5,3,17
EE,node_23,20250512-09:54:00,event,2,5,5,3,18
EE,node_24,20250512-09:54:00,event,2,3,5,3,18
EE,node_25,20250512-09:54:00,event,2,4,5,3,18
EE,node_26,20250512-09:54:00,thought,2,5,5,3,18
EE,node_27,20250512-09:54:00,thought,2,5,5,3,18
EE,node_28,20250512-09:54:00,thought,2,5,5,3,18
EE,node_29,20250512-09:54:00,thought,2,5,5,3,18
EE,node_30,20250512-09:54:00,thought,2,5,5,4,18
EE,node_31,20250512-09:54:00,thought,2,5,6,3,18
EE,node_32,20250512-09:54:00,thought,2,5,5,3,18
EE,node_33,20250512-09:54:00,thought,2,5,5,3,18
EE,node_34,20250512-09:54:00,thought,2,5,6,4,18
EE,node_35,20250512-09:54:00,thought,2,5,5,3,18
EE,node_36,20250512-09:54:00,thought,2,5,5,4,18
EE,node_37,20250512-09:54:00,thought,2,5,5,4,18
EE,node_38,20250512-09:54:00,thought,2,5,5,4,18
EE,node_39,20250512-09:54:00,thought,2,5,5,3,18
EE,node_40,20250512-09:54:00,thought,2,5,6,3,18
EE,node_41,20250512-09:54:00,thought,2,3,5,3,18
EE,node_42,20250512-09:54:00,thought,2,5,5,3,18
EE,node_43,20250512-10:00:00,event,2,5,5,3,20
EE,node_44,20250512-10:03:00,event,2,5,5,3,21
EE,node_45,20250512-10:06:00,event,2,5,5,3,22
EE,node_46,20250512-10:09:00,event,2,5,5,3,23
EE,node_47,20250512-10:09:00,event,2,5,5,3,23
EE,node_48,20250512-10:09:00,event,2,5,5,3,23
EE,node_49,20250512-10:12:00,chat,2,5,5,3,24
EE,node_50,20250512-10:12:00,event,1,5,5,4,24
EE,node_51,20250512-10:15:00,event,2,5,5,3,25
EE,node_52,20250512-10:21:00,event,1,5,5,5,27
EE,node_53,20250512-10:21:00,event,2,5,6,4,27
EE,node_54,20250512-10:21:00,event,1,5,5,4,27
EE,node_55,20250512-10:21:00,event,1,5,5,4,27
EE,node_56,20250512-10:21:00,event,1,5,5,3,27
EE,node_57,20250512-10:21:00,event,2,5,5,4,27
EE,node_58,20250512-10:24:00,chat,2,5,5,3,28
EE,node_59,20250512-10:24:00,event,2,5,5,3,28
EE,node_60,20250512-10:24:00,event,2,5,5,4,28
EE,node_61,20250512-10:24:00,event,2,5,5,3,28
EE,node_62,20250512-10:27:00,event,2,5,5,3,29
EE,node_63,20250512-10:30:00,event,2,5,5,3,30
EE,node_64,20250512-10:30:00,event,1,3,5,3,30
EE,node_65,20250512-10:30:00,event,2,3,5,3,30
EE,node_66,20250512-10:30:00,event,1,3,5,5,30
EE,node_67,20250512-10:33:00,chat,2,5,5,4,31
EE,node_68,20250512-10:36:00,event,2,5,5,4,32
EE,node_69,20250512-10:42:00,event,1,4,5,4,34
EE,node_70,20250512-10:42:00,thought,2,5,5,3,34
EE,node_71,20250512-10:42:00,thought,2,5,5,5,34
EE,node_72,20250512-10:42:00,thought,1,4,5,4,34
EE,node_73,20250512-10:42:00,thought,2,5,6,4,34
EE,node_74,20250512-10:42:00,thought,2,5,6,3,34
EE,node_75,20250512-10:42:00,thought,2,5,6,3,34
EE,node_76,20250512-10:42:00,thought,2,5,6,3,34
EE,node_77,20250512-10:42:00,thought,2,5,5,5,34
EE,node_78,20250512-10:42:00,thought,2,5,5,3,34
EE,node_79,20250512-10:42:00,thought,2,5,5,3,34
EE,node_80,20250512-10:42:00,thought,2,5,5,3,34
EE,node_81,20250512-10:42:00,thought,2,5,5,3,34
EE,node_82,20250512-10:42:00,thought,1,5,5,3,34
EE,node_83,20250512-10:42:00,thought,1,5,5,4,34
EE,node_84,20250512-10:42:00,thought,2,5,6,3,34
EE,node_85,20250512-10:42:00,thought,2,5,5,5,34
EE,node_86,20250512-10:42:00,thought,2,5,5,3,34
EE,node_87,20250512-10:45:00,event,2,5,5,3,35
EE,node_88,20250512-10:45:00,event,2,5,5,4,35
EE,node_89,20250512-10:51:00,event,1,5,5,4,37
EE,node_90,20250512-10:51:00,event,2,5,5,4,37
EE,node_91,20250512-10:51:00,event,2,5,6,3,37
EE,node_92,20250512-10:54:00,event,2,5,5,4,38
EE,node_93,20250512-10:57:00,event,2,5,6,4,39
FF,node_0,20250512-09:00:00,thought,9,5,7,4,0
FF,node_1,20250512-09:03:00,event,9,8,8,4,1
FF,node_2,20250512-09:09:00,event,9,7,7,4,3
FF,node_3,20250512-09:12:00,event,9,8,7,5,4
FF,node_4,20250512-09:15:00,chat,9,8,7,5,5
FF,node_5,20250512-09:18:00,event,9,8,7,5,6
FF,node_6,20250512-09:21:00,event,1,8,8,5,7
FF,node_7,20250512-09:21:00,event,1,8,7,5,7
FF,node_8,20250512-09:24:00,event,1,8,7,5,8
FF,node_9,20250512-09:30:00,event,1,8,7,5,10
FF,node_10,20250512-09:36:00,event,9,8,7,5,12
FF,node_11,20250512-09:36:00,event,1,8,7,5,12
FF,node_12,20250512-09:39:00,event,1,8,8,4,13
FF,node_13,20250512-09:39:00,event,1,8,7,4,13
FF,node_14,20250512-09:39:00,event,1,8,7,5,13
FF,node_15,20250512-09:39:00,event,1,8,7,4,13
FF,node_16,20250512-09:39:00,event,1,8,7,3,13
FF,node_17,20250512-09:42:00,event,1,8,7,4,14
FF,node_18,20250512-09:42:00,event,1,8,8,4,14
FF,node_19,20250512-09:45:00,event,2,8,8,5,15
FF,node_20,20250512-09:48:00,event,2,8,7,5,16
FF,node_21,20250512-09:51:00,event,2,8,7,5,17
FF,node_22,20250512-10:00:00,event,2,8,7,5,20
FF,node_23,20250512-10:03:00,event,2,8,7,5,21
FF,node_24,20250512-10:06:00,event,2,8,7,5,22
FF,node_25,20250512-10:09:00,event,2,8,8,5,23
FF,node_26,20250512-10:09:00,thought,2,8,7,5,23
FF,node_27,20250512-10:09:00,thought,1,8,7,5,23
FF,node_28,20250512-10:09:00,thought,2,8,7,5,23
FF,node_29,20250512-10:09:00,thought,2,8,8,5,23
FF,node_30,20250512-10:09:00,thought,2,8,7,5,23
FF,node_31,20250512-10:09:00,thought,1,8,8,5,23
FF,node_32,20250512-10:09:00,thought,2,8,8,5,23
FF,node_33,20250512-10:09:00,thought,2,8,8,5,23
FF,node_34,20250512-10:09:00,thought,2,8,7,5,23
FF,node_35,20250512-10:09:00,thought,2,8,7,5,23
FF,node_36,20250512-10:09:00,thought,2,8,7,5,23
FF,node_37,20250512-10:09:00,thought,2,8,8,5,23
FF,node_38,20250512-10:09:00,thought,2,8,8,5,23
FF,node_39,20250512-10:09:00,thought,1,8,8,5,23
FF,node_40,20250512-10:09:00,thought,1,8,8,5,23
FF,node_41,20250512-10:09:00,thought,2,8,7,5,23
FF,node_42,20250512-10:09:00,thought,1,8,8,5,23
FF,node_43,20250512-10:12:00,event,2,8,8,5,24
FF,node_44,20250512-10:18:00,chat,2,8,8,5,26
FF,node_45,20250512-10:18:00,event,2,8,7,5,26
FF,node_46,20250512-10:21:00,event,1,8,8,5,27
FF,node_47,20250512-10:21:00,event,1,8,8,5,27
FF,node_48,20250512-10:21:00,event,1,8,7,5,27
FF,node_49,20250512-10:24:00,chat,1,8,7,5,28
FF,node_50,20250512-10:27:00,event,1,8,8,5,29
FF,node_51,20250512-10:27:00,event,1,8,7,4,29
FF,node_52,20250512-10:27:00,event,1,8,8,5,29
FF,node_53,20250512-10:27:00,event,1,8,8,5,29
FF,node_54,20250512-10:30:00,chat,1,8,7,5,30
FF,node_55,20250512-10:30:00,event,1,7,7,5,30
FF,node_56,20250512-10:33:00,event,1,7,7,5,31
FF,node_57,20250512-10:33:00,event,2,7,8,5,31
FF,node_58,20250512-10:33:00,event,2,7,7,5,31
FF,node_59,20250512-10:39:00,event,2,7,7,4,33
FF,node_60,20250512-10:39:00,event,2,7,8,5,33
FF,node_61,20250512-10:51:00,event,2,7,8,5,37
FF,node_62,20250512-10:51:00,event,2,8,8,5,37
FF,node_63,20250512-10:54:00,event,2,7,7,5,38
GG,node_0,20250512-09:00:00,thought,9,5,6,4,0
GG,node_1,20250512-09:03:00,chat,9,5,6,4,1
GG,node_2,20250512-09:06:00,event,9,6,6,5,2
GG,node_3,20250512-09:09:00,event,9,6,6,4,3
GG,node_4,20250512-09:12:00,event,1,7,7,4,4
GG,node_5,20250512-09:12:00,event,2,5,6,5,4
GG,node_6,20250512-09:15:00,event,2,6,6,5,5
GG,node_7,20250512-09:18:00,event,2,5,7,5,6
GG,node_8,20250512-09:24:00,event,2,6,7,5,8
GG,node_9,20250512-09:24:00,event,2,5,6,5,8
GG,node_10,20250512-09:24:00,event,2,6,6,4,8
GG,node_11,20250512-09:27:00,event,2,5,7,5,9
GG,node_12,20250512-09:27:00,event,2,6,6,5,9
GG,node_13,20250512-09:33:00,event,2,6,6,4,11
GG,node_14,20250512-09:36:00,event,2,6,7,5,12
GG,node_15,20250512-09:36:00,event,2,6,7,3,12
GG,node_16,20250512-09:36:00,event,2,6,6,5,12
GG,node_17,20250512-09:39:00,event,2,6,7,4,13
GG,node_18,20250512-09:39:00,event,2,6,6,4,13
GG,node_19,20250512-09:51:00,event,2,6,6,4,17
GG,node_20,20250512-09:51:00,event,2,6,7,4,17
GG,node_21,20250512-09:57:00,event,2,6,7,4,19
GG,node_22,20250512-10:06:00,event,2,6,6,5,22
GG,node_23,20250512-10:09:00,event,2,6,6,4,23
GG,node_24,20250512-10:18:00,event,2,5,7,5,26
GG,node_25,20250512-10:18:00,chat,2,6,7,5,26
GG,node_26,20250512-10:18:00,thought,2,6,6,5,26
GG,node_27,20250512-10:18:00,thought,2,6,6,5,26
GG,node_28,20250512-10:18:00,thought,2,7,6,5,26
GG,node_29,20250512-10:18:00,thought,2,7,6,4,26
GG,node_30,20250512-10:18:00,thought,2,7,6,5,26
GG,node_31,20250512-10:18:00,thought,2,6,6,5,26
GG,node_32,20250512-10:18:00,thought,2,7,6,5,26
GG,node_33,20250512-10:18:00,thought,2,7,6,5,26
GG,node_34,20250512-10:18:00,thought,2,7,7,5,26
GG,node_35,20250512-10:18:00,thought,2,7,7,5,26
GG,node_36,20250512-10:18:00,thought,2,7,6,5,26
GG,node_37,20250512-10:18:00,thought,2,7,6,5,26
GG,node_38,20250512-10:18:00,thought,2,7,7,5,26
GG,node_39,20250512-10:18:00,thought,2,7,7,5,26
GG,node_40,20250512-10:18:00,thought,2,7,7,4,26
GG,node_41,20250512-10:18:00,thought,2,7,7,5,26
GG,node_42,20250512-10:18:00,thought,2,7,7,4,26
GG,node_43,20250512-10:27:00,chat,2,7,7,4,29
GG,node_44,20250512-10:27:00,event,2,7,7,5,29
GG,node_45,20250512-10:27:00,event,2,7,6,4,29
GG,node_46,20250512-10:27:00,event,2,6,7,5,29
GG,node_47,20250512-10:30:00,event,2,7,7,4,30
GG,node_48,20250512-10:30:00,event,2,6,7,5,30
GG,node_49,20250512-10:33:00,event,2,6,7,5,31
GG,node_50,20250512-10:39:00,event,2,6,6,4,33
GG,node_51,20250512-10:42:00,event,2,5,7,5,34
GG,node_52,20250512-10:42:00,event,2,6,7,4,34
GG,node_53,20250512-10:42:00,event,2,7,7,3,34
GG,node_54,20250512-10:45:00,event,2,7,7,5,35
GG,node_55,20250512-10:45:00,event,2,6,6,4,35
GG,node_56,20250512-10:48:00,event,1,7,7,4,36
GG,node_57,20250512-10:48:00,event,2,7,7,4,36
GG,node_58,20250512-10:48:00,event,2,7,6,5,36
GG,node_59,20250512-10:51:00,event,9,7,7,4,37
GG,node_60,20250512-10:54:00,event,2,6,7,4,38
GG,node_61,20250512-10:54:00,event,2,7,6,5,38
GG,node_62,20250512-10:54:00,event,2,7,7,4,38
GG,node_63,20250512-10:57:00,event,2,7,6,4,39
GG,node_64,20250512-10:57:00,chat,2,7,7,4,39
HH,node_0,20250512-09:00:00,thought,9,5,6,4,0
HH,node_1,20250512-09:03:00,chat,9,7,6,4,1
HH,node_2,20250512-09:06:00,event,1,7,6,4,2
HH,node_3,20250512-09:06:00,event,1,7,6,5,2
HH,node_4,20250512-09:06:00,event,9,7,7,4,2
HH,node_5,20250512-09:06:00,event,1,7,7,5,2
HH,node_6,20250512-09:06:00,event,1,6,7,5,2
HH,node_7,20250512-09:06:00,event,1,6,7,4,2
HH,node_8,20250512-09:09:00,event,1,6,7,5,3
HH,node_9,20250512-09:09:00,event,1,6,7,5,3
HH,node_10,20250512-09:09:00,event,1,7,7,5,3
HH,node_11,20250512-09:12:00,event,1,6,7,5,4
HH,node_12,20250512-09:15:00,event,1,6,7,5,5
HH,node_13,20250512-09:21:00,event,1,6,7,4,7
HH,node_14,20250512-09:21:00,event,2,6,7,5,7
HH,node_15,20250512-09:24:00,event,2,6,7,5,8
HH,node_16,20250512-09:24:00,event,2,6,7,5,8
HH,node_17,20250512-09:30:00,event,2,6,7,4,10
HH,node_18,20250512-09:33:00,event,2,6,7,4,11
HH,node_19,20250512-09:36:00,event,2,7,7,4,12
HH,node_20,20250512-09:39:00,event,2,6,7,5,13
HH,node_21,20250512-09:45:00,event,2,6,7,5,15
HH,node_22,20250512-09:48:00,event,2,7,7,5,16
HH,node_23,20250512-09:48:00,event,2,6,7,4,16
HH,node_24,20250512-09:54:00,event,2,6,7,4,18
HH,node_25,20250512-09:54:00,event,2,6,7,5,18
HH,node_26,20250512-10:03:00,event,2,6,7,4,21
HH,node_27,20250512-10:03:00,event,2,6,6,4,21
HH,node_28,20250512-10:03:00,event,2,6,7,5,21
HH,node_29,20250512-10:03:00,event,2,6,6,4,21
HH,node_30,20250512-10:03:00,event,2,6,7,4,21
HH,node_31,20250512-10:03:00,thought,2,7,7,4,21
HH,node_32,20250512-10:03:00,thought,2,7,7,5,21
HH,node_33,20250512-10:03:00,thought,2,7,7,4,21
HH,node_34,20250512-10:03:00,thought,2,7,7,5,21
HH,node_35,20250512-10:03:00,thought,2,7,7,5,21
HH,node_36,20250512-10:03:00,thought,2,6,7,4,21
HH,node_37,20250512-10:03:00,thought,2,7,7,4,21
HH,node_38,20250512-10:03:00,thought,2,7,7,4,21
HH,node_39,20250512-10:03:00,thought,2,7,7,5,21
HH,node_40,20250512-10:03:00,thought,2,6,7,5,21
HH,node_41,20250512-10:03:00,thought,2,6,7,4,21
HH,node_42,20250512-10:03:00,thought,2,6,7,5,21
HH,node_43,20250512-10:03:00,thought,2,7,7,5,21
HH,node_44,20250512-10:03:00,thought,2,7,7,5,21
HH,node_45,20250512-10:03:00,thought,2,7,7,5,21
HH,node_46,20250512-10:03:00,thought,2,7,7,5,21
HH,node_47,20250512-10:03:00,thought,2,6,7,4,21
HH,node_48,20250512-10:06:00,event,2,7,7,4,22
HH,node_49,20250512-10:06:00,event,2,7,7,5,22
HH,node_50,20250512-10:06:00,chat,2,7,7,5,22
HH,node_51,20250512-10:09:00,event,2,7,7,4,23
HH,node_52,20250512-10:09:00,event,2,7,7,5,23
HH,node_53,20250512-10:09:00,event,2,7,7,4,23
HH,node_54,20250512-10:12:00,chat,2,7,7,5,24
HH,node_55,20250512-10:12:00,event,2,7,7,4,24
HH,node_56,20250512-10:15:00,event,2,7,7,5,25
HH,node_57,20250512-10:15:00,event,2,7,7,5,25
HH,node_58,20250512-10:18:00,chat,2,7,7,5,26
HH,node_59,20250512-10:18:00,event,2,7,7,5,26
HH,node_60,20250512-10:18:00,event,2,7,7,5,26
HH,node_61,20250512-10:21:00,event,2,7,7,5,27
HH,node_62,20250512-10:24:00,event,2,7,7,5,28
HH,node_63,20250512-10:27:00,chat,1,7,7,4,29
HH,node_64,20250512-10:27:00,event,1,7,7,5,29
HH,node_65,20250512-10:27:00,event,2,7,7,5,29
HH,node_66,20250512-10:30:00,chat,1,7,7,4,30
HH,node_67,20250512-10:33:00,event,2,7,7,4,31
HH,node_68,20250512-10:45:00,event,2,6,7,5,35
HH,node_69,20250512-10:48:00,chat,2,7,7,4,36
HH,node_70,20250512-10:48:00,event,1,7,7,5,36
HH,node_71,20250512-10:48:00,event,1,7,7,5,36
HH,node_72,20250512-10:51:00,event,1,7,7,4,37
HH,node_73,20250512-10:54:00,event,1,7,7,5,38
HH,node_74,20250512-10:54:00,thought,1,8,7,5,38
HH,node_75,20250512-10:54:00,thought,2,8,7,5,38
HH,node_76,20250512-10:54:00,thought,1,7,7,5,38
HH,node_77,20250512-10:54:00,thought,1,7,7,5,38
HH,node_78,20250512-10:54:00,thought,2,7,7,4,38
HH,node_79,20250512-10:54:00,thought,2,7,7,5,38
HH,node_80,20250512-10:54:00,thought,2,7,7,5,38
HH,node_81,20250512-10:54:00,thought,2,8,7,4,38
HH,node_82,20250512-10:54:00,thought,2,7,7,5,38
HH,node_83,20250512-10:54:00,thought,2,7,7,4,38
HH,node_84,20250512-10:54:00,thought,2,7,7,5,38
HH,node_85,20250512-10:54:00,thought,2,7,7,5,38
HH,node_86,20250512-10:54:00,thought,1,8,7,5,38
HH,node_87,20250512-10:54:00,thought,2,7,7,5,38
HH,node_88,20250512-10:54:00,thought,2,7,7,5,38
HH,node_89,20250512-10:54:00,thought,1,7,7,5,38
HH,node_90,20250512-10:54:00,thought,1,7,7,5,38
HH,node_91,20250512-10:57:00,chat,1,7,7,5,39
II,node_0,20250512-09:00:00,thought,9,5,6,4,0
II,node_1,20250512-09:03:00,event,9,6,6,4,1
II,node_2,20250512-09:06:00,event,9,6,6,5,2
II,node_3,20250512-09:09:00,chat,2,3,6,4,3
II,node_4,20250512-09:09:00,event,2,6,6,5,3
II,node_5,20250512-09:12:00,event,2,7,6,5,4
II,node_6,20250512-09:15:00,event,2,7,6,5,5
II,node_7,20250512-09:15:00,event,2,7,6,4,5
II,node_8,20250512-09:15:00,event,2,7,6,5,5
II,node_9,20250512-09:18:00,event,2,7,6,5,6
II,node_10,20250512-09:21:00,event,2,7,6,5,7
II,node_11,20250512-09:30:00,event,2,7,7,4,10
II,node_12,20250512-09:39:00,event,2,7,6,5,13
II,node_13,20250512-09:39:00,event,2,7,6,5,13
II,node_14,20250512-09:39:00,event,2,7,6,5,13
II,node_15,20250512-09:39:00,event,2,7,6,5,13
II,node_16,20250512-09:39:00,event,2,7,6,5,13
II,node_17,20250512-09:42:00,event,2,7,6,5,14
II,node_18,20250512-09:45:00,event,2,7,7,5,15
II,node_19,20250512-09:45:00,event,2,7,6,4,15
II,node_20,20250512-09:51:00,event,2,7,6,5,17
II,node_21,20250512-09:51:00,event,2,7,6,5,17
II,node_22,20250512-09:57:00,event,2,6,6,5,19
II,node_23,20250512-09:57:00,event,2,6,6,5,19
II,node_24,20250512-10:00:00,event,2,6,6,4,20
II,node_25,20250512-10:06:00,event,2,6,6,5,22
II,node_26,20250512-10:06:00,thought,2,6,7,5,22
II,node_27,20250512-10:06:00,thought,2,6,6,5,22
II,node_28,20250512-10:06:00,thought,2,6,7,4,22
II,node_29,20250512-10:06:00,thought,2,6,6,5,22
II,node_30,20250512-10:06:00,thought,2,6,6,4,22
II,node_31,20250512-10:06:00,thought,2,6,7,5,22
II,node_32,20250512-10:06:00,thought,2,7,7,5,22
II,node_33,20250512-10:06:00,thought,2,6,6,5,22
II,node_34,20250512-10:06:00,thought,2,7,7,5,22
II,node_35,20250512-10:06:00,thought,2,6,7,5,22
II,node_36,20250512-10:06:00,thought,2,7,7,5,22
II,node_37,20250512-10:06:00,thought,2,6,6,5,22
II,node_38,20250512-10:06:00,thought,2,7,7,5,22
II,node_39,20250512-10:06:00,thought,2,7,6,5,22
II,node_40,20250512-10:06:00,thought,2,7,6,5,22
II,node_41,20250512-10:06:00,thought,2,7,7,5,22
II,node_42,20250512-10:06:00,thought,2,7,7,4,22
II,node_43,20250512-10:09:00,event,2,7,6,5,23
II,node_44,20250512-10:15:00,event,2,6,7,5,25
II,node_45,20250512-10:15:00,event,2,6,7,4,25
II,node_46,20250512-10:15:00,event,2,6,6,5,25
II,node_47,20250512-10:18:00,chat,2,7,6,5,26
II,node_48,20250512-10:18:00,event,2,6,6,5,26
II,node_49,20250512-10:18:00,event,2,6,7,5,26
II,node_50,20250512-10:21:00,event,2,6,7,5,27
II,node_51,20250512-10:21:00,event,2,6,6,5,27
II,node_52,20250512-10:21:00,event,2,6,7,5,27
II,node_53,20250512-10:24:00,event,2,7,7,5,28
II,node_54,20250512-10:30:00,event,2,7,6,5,30
II,node_55,20250512-10:36:00,event,2,7,6,5,32
II,node_56,20250512-10:36:00,event,2,7,7,3,32
II,node_57,20250512-10:36:00,event,2,7,7,5,32
II,node_58,20250512-10:39:00,chat,2,7,7,5,33
II,node_59,20250512-10:42:00,event,2,7,7,5,34
II,node_60,20250512-10:45:00,event,2,7,6,4,35
II,node_61,20250512-10:48:00,chat,2,7,7,4,36
II,node_62,20250512-10:51:00,event,2,7,6,5,37
II,node_63,20250512-10:54:00,event,2,7,6,5,38
JJ,node_0,20250512-09:00:00,thought,9,8,8,5,0
JJ,node_1,20250512-09:03:00,chat,9,8,8,5,1
JJ,node_2,20250512-09:03:00,event,9,8,8,5,1
JJ,node_3,20250512-09:03:00,event,1,8,8,5,1
JJ,node_4,20250512-09:06:00,event,1,8,8,5,2
JJ,node_5,20250512-09:06:00,event,1,8,7,6,2
JJ,node_6,20250512-09:06:00,event,2,8,8,5,2
JJ,node_7,20250512-09:09:00,event,2,8,7,6,3
JJ,node_8,20250512-09:15:00,event,1,8,8,5,5
JJ,node_9,20250512-09:15:00,event,2,8,8,5,5
JJ,node_10,20250512-09:15:00,event,2,8,8,5,5
JJ,node_11,20250512-09:18:00,event,2,8,8,6,6
JJ,node_12,20250512-09:21:00,event,2,8,8,5,7
JJ,node_13,20250512-09:24:00,event,2,8,8,5,8
JJ,node_14,20250512-09:24:00,event,2,8,8,5,8
JJ,node_15,20250512-09:27:00,event,2,7,7,6,9
JJ,node_16,20250512-09:27:00,event,2,7,8,5,9
JJ,node_17,20250512-09:30:00,event,2,7,8,5,10
JJ,node_18,20250512-09:33:00,event,2,7,8,5,11
JJ,node_19,20250512-09:36:00,event,2,7,8,5,12
JJ,node_20,20250512-09:36:00,event,2,7,8,6,12
JJ,node_21,20250512-09:39:00,event,2,7,8,6,13
JJ,node_22,20250512-09:51:00,event,2,7,8,5,17
JJ,node_23,20250512-09:51:00,event,2,7,8,5,17
JJ,node_24,20250512-09:51:00,event,2,8,8,6,17
JJ,node_25,20250512-09:51:00,thought,2,8,8,5,17
JJ,node_26,20250512-09:51:00,thought,2,8,7,6,17
JJ,node_27,20250512-09:51:00,thought,2,8,8,5,17
JJ,node_28,20250512-09:51:00,thought,2,8,8,6,17
JJ,node_29,20250512-09:51:00,thought,2,8,7,5,17
JJ,node_30,20250512-09:51:00,thought,2,8,8,5,17
JJ,node_31,20250512-09:51:00,thought,2,8,8,5,17
JJ,node_32,20250512-09:51:00,thought,2,7,8,5,17
JJ,node_33,20250512-09:51:00,thought,2,8,8,5,17
JJ,node_34,20250512-09:51:00,thought,2,8,7,6,17
JJ,node_35,20250512-09:51:00,thought,2,8,8,5,17
JJ,node_36,20250512-09:51:00,thought,2,8,8,6,17
JJ,node_37,20250512-09:51:00,thought,2,7,8,5,17
JJ,node_38,20250512-09:51:00,thought,2,8,8,5,17
JJ,node_39,20250512-09:51:00,thought,2,8,8,5,17
JJ,node_40,20250512-09:51:00,thought,2,8,8,6,17
JJ,node_41,20250512-09:51:00,thought,2,8,8,5,17
JJ,node_42,20250512-09:54:00,event,2,8,8,5,18
JJ,node_43,20250512-10:00:00,event,2,8,8,5,20
JJ,node_44,20250512-10:06:00,chat,2,8,8,5,22
JJ,node_45,20250512-10:09:00,event,2,8,8,5,23
JJ,node_46,20250512-10:09:00,event,2,8,8,5,23
JJ,node_47,20250512-10:09:00,event,2,8,8,5,23
JJ,node_48,20250512-10:09:00,event,2,8,8,5,23
JJ,node_49,20250512-10:09:00,event,2,8,8,5,23
JJ,node_50,20250512-10:12:00,event,2,8,8,5,24
JJ,node_51,20250512-10:12:00,chat,2,8,8,5,24
JJ,node_52,20250512-10:12:00,event,2,8,8,5,24
JJ,node_53,20250512-10:15:00,chat,2,8,8,5,25
JJ,node_54,20250512-10:15:00,event,2,8,8,6,25
JJ,node_55,20250512-10:18:00,event,2,8,8,5,26
JJ,node_56,20250512-10:24:00,event,2,8,8,5,28
JJ,node_57,20250512-10:27:00,chat,2,8,8,5,29
JJ,node_58,20250512-10:27:00,event,2,8,8,5,29
JJ,node_59,20250512-10:27:00,event,1,8,8,5,29
JJ,node_60,20250512-10:27:00,event,2,8,8,5,29
JJ,node_61,20250512-10:30:00,event,2,8,8,5,30
JJ,node_62,20250512-10:33:00,event,2,8,8,6,31
JJ,node_63,20250512-10:36:00,chat,2,8,7,5,32
JJ,node_64,20250512-10:36:00,thought,2,8,8,5,32
JJ,node_65,20250512-10:36:00,thought,2,8,8,5,32
JJ,node_66,20250512-10:36:00,thought,2,8,8,5,32
JJ,node_67,20250512-10:36:00,thought,2,8,8,5,32
JJ,node_68,20250512-10:36:00,thought,2,8,8,5,32
JJ,node_69,20250512-10:36:00,thought,2,7,8,6,32
JJ,node_70,20250512-10:36:00,thought,2,8,8,6,32
JJ,node_71,20250512-10:36:00,thought,2,8,8,5,32
JJ,node_72,20250512-10:36:00,thought,2,8,8,5,32
JJ,node_73,20250512-10:36:00,thought,2,8,8,6,32
JJ,node_74,20250512-10:36:00,thought,2,8,8,5,32
JJ,node_75,20250512-10:36:00,thought,2,8,8,6,32
JJ,node_76,20250512-10:36:00,thought,2,8,8,6,32
JJ,node_77,20250512-10:36:00,thought,2,8,8,5,32
JJ,node_78,20250512-10:36:00,thought,2,8,8,5,32
JJ,node_79,20250512-10:36:00,thought,2,8,8,5,32
JJ,node_80,20250512-10:36:00,thought,2,8,8,5,32
JJ,node_81,20250512-10:39:00,event,2,8,8,5,33
JJ,node_82,20250512-10:42:00,chat,2,8,8,5,34
JJ,node_83,20250512-10:45:00,event,2,8,8,5,35
JJ,node_84,20250512-10:45:00,event,2,8,8,5,35
JJ,node_85,20250512-10:48:00,chat,2,8,8,6,36
JJ,node_86,20250512-10:51:00,event,2,8,8,5,37
JJ,node_87,20250512-10:51:00,event,2,8,7,6,37
JJ,node_88,20250512-10:51:00,event,2,8,8,5,37
JJ,node_89,20250512-10:54:00,chat,2,8,8,5,38
JJ,node_90,20250512-10:54:00,event,2,8,8,5,38
JJ,node_91,20250512-10:54:00,event,2,8,8,5,38
JJ,node_92,20250512-10:57:00,event,2,8,8,5,39
JJ,node_93,20250512-10:57:00,event,2,8,7,6,39
KK,node_0,20250512-09:00:00,thought,9,5,7,4,0
KK,node_1,20250512-09:03:00,chat,9,7,7,4,1
KK,node_2,20250512-09:03:00,event,9,8,7,5,1
KK,node_3,20250512-09:03:00,event,9,7,7,4,1
KK,node_4,20250512-09:06:00,event,1,7,7,5,2
KK,node_5,20250512-09:06:00,event,9,7,7,5,2
KK,node_6,20250512-09:06:00,event,9,7,7,5,2
KK,node_7,20250512-09:06:00,event,9,7,7,5,2
KK,node_8,20250512-09:06:00,event,9,7,7,5,2
KK,node_9,20250512-09:09:00,event,9,8,7,5,3
KK,node_10,20250512-09:12:00,event,1,7,7,5,4
KK,node_11,20250512-09:12:00,chat,1,7,7,5,4
KK,node_12,20250512-09:15:00,event,1,7,7,4,5
KK,node_13,20250512-09:15:00,event,1,8,7,5,5
KK,node_14,20250512-09:18:00,event,1,7,7,5,6
KK,node_15,20250512-09:18:00,event,1,7,7,4,6
KK,node_16,20250512-09:21:00,event,1,7,7,4,7
KK,node_17,20250512-09:36:00,event,1,7,7,5,12
KK,node_18,20250512-09:39:00,event,1,7,7,5,13
KK,node_19,20250512-09:42:00,event,2,7,7,4,14
KK,node_20,20250512-09:45:00,event,1,7,7,4,15
KK,node_21,20250512-09:45:00,event,1,7,7,5,15
KK,node_22,20250512-09:48:00,event,2,7,7,4,16
KK,node_23,20250512-09:51:00,event,2,7,7,4,17
KK,node_24,20250512-09:51:00,event,1,7,7,4,17
KK,node_25,20250512-09:54:00,event,1,7,7,4,18
KK,node_26,20250512-09:54:00,thought,1,7,7,5,18
KK,node_27,20250512-09:54:00,thought,1,7,7,4,18
KK,node_28,20250512-09:54:00,thought,1,7,6,4,18
KK,node_29,20250512-09:54:00,thought,1,7,7,5,18
KK,node_30,20250512-09:54:00,thought,1,7,7,5,18
KK,node_31,20250512-09:54:00,thought,1,7,7,5,18
KK,node_32,20250512-09:54:00,thought,1,7,7,5,18
KK,node_33,20250512-09:54:00,thought,1,7,7,4,18
KK,node_34,20250512-09:54:00,thought,1,8,7,5,18
KK,node_35,20250512-09:54:00,thought,1,7,7,5,18
KK,node_36,20250512-09:54:00,thought,1,7,7,5,18
KK,node_37,20250512-09:54:00,thought,1,7,7,5,18
KK,node_38,20250512-09:54:00,thought,1,7,7,4,18
KK,node_39,20250512-09:54:00,thought,1,7,7,4,18
KK,node_40,20250512-09:54:00,thought,1,7,7,5,18
KK,node_41,20250512-09:54:00,thought,1,7,7,5,18
KK,node_42,20250512-09:54:00,thought,1,7,7,5,18
KK,node_43,20250512-10:00:00,event,1,7,7,4,20
KK,node_44,20250512-10:06:00,event,1,7,7,5,22
KK,node_45,20250512-10:06:00,event,1,7,7,5,22
KK,node_46,20250512-10:12:00,event,1,7,7,4,24
KK,node_47,20250512-10:12:00,chat,1,7,7,5,24
KK,node_48,20250512-10:12:00,event,1,7,7,5,24
KK,node_49,20250512-10:15:00,event,1,7,7,5,25
KK,node_50,20250512-10:18:00,event,1,8,7,4,26
KK,node_51,20250512-10:18:00,event,1,8,7,5,26
KK,node_52,20250512-10:24:00,event,1,8,7,5,28
KK,node_53,20250512-10:24:00,event,1,7,7,5,28
KK,node_54,20250512-10:27:00,event,1,8,7,5,29
KK,node_55,20250512-10:27:00,event,1,8,7,5,29
KK,node_56,20250512-10:27:00,event,1,8,7,4,29
KK,node_57,20250512-10:27:00,event,1,8,7,5,29
KK,node_58,20250512-10:30:00,chat,1,8,7,4,30
KK,node_59,20250512-10:30:00,event,1,8,7,5,30
KK,node_60,20250512-10:30:00,event,1,8,7,5,30
KK,node_61,20250512-10:30:00,event,1,7,7,5,30
KK,node_62,20250512-10:33:00,event,1,8,7,5,31
KK,node_63,20250512-10:36:00,event,1,7,6,5,32
KK,node_64,20250512-10:39:00,chat,2,7,7,5,33
KK,node_65,20250512-10:42:00,chat,1,8,7,5,34
KK,node_66,20250512-10:42:00,event,1,8,7,4,34
KK,node_67,20250512-10:42:00,thought,1,8,7,4,34
KK,node_68,20250512-10:42:00,thought,1,8,7,5,34
KK,node_69,20250512-10:42:00,thought,1,8,7,4,34
KK,node_70,20250512-10:42:00,thought,1,8,7,4,34
KK,node_71,20250512-10:42:00,thought,1,8,7,4,34
KK,node_72,20250512-10:42:00,thought,1,8,7,4,34
KK,node_73,20250512-10:42:00,thought,1,8,7,5,34
KK,node_74,20250512-10:42:00,thought,1,8,7,4,34
KK,node_75,20250512-10:42:00,thought,1,7,7,5,34
KK,node_76,20250512-10:42:00,thought,1,8,7,5,34
KK,node_77,20250512-10:42:00,thought,1,8,7,5,34
KK,node_78,20250512-10:42:00,thought,1,8,7,4,34
KK,node_79,20250512-10:42:00,thought,1,8,7,5,34
KK,node_80,20250512-10:42:00,thought,1,8,7,4,34
KK,node_81,20250512-10:42:00,thought,1,8,7,4,34
KK,node_82,20250512-10:42:00,thought,1,8,7,4,34
KK,node_83,20250512-10:42:00,thought,1,8,7,5,34
KK,node_84,20250512-10:45:00,event,1,8,7,5,35
KK,node_85,20250512-10:45:00,event,1,8,7,5,35
KK,node_86,20250512-10:54:00,event,1,8,7,5,38
LL,node_0,20250512-09:00:00,thought,9,5,6,4,0
LL,node_1,20250512-09:03:00,chat,9,6,7,4,1
LL,node_2,20250512-09:03:00,event,2,7,6,4,1
LL,node_3,20250512-09:03:00,event,2,5,7,4,1
LL,node_4,20250512-09:03:00,event,2,5,7,4,1
LL,node_5,20250512-09:06:00,event,2,6,7,5,2
LL,node_6,20250512-09:06:00,event,2,7,6,4,2
LL,node_7,20250512-09:09:00,event,2,7,7,5,3
LL,node_8,20250512-09:15:00,event,2,7,6,4,5
LL,node_9,20250512-09:15:00,event,2,7,7,3,5
LL,node_10,20250512-09:21:00,event,2,7,6,4,7
LL,node_11,20250512-09:21:00,event,2,7,6,5,7
LL,node_12,20250512-09:21:00,event,2,7,7,5,7
LL,node_13,20250512-09:24:00,event,2,7,6,5,8
LL,node_14,20250512-09:24:00,event,2,7,6,4,8
LL,node_15,20250512-09:24:00,event,2,7,7,3,8
LL,node_16,20250512-09:30:00,event,2,7,6,5,10
LL,node_17,20250512-09:36:00,event,2,7,6,4,12
LL,node_18,20250512-09:36:00,event,2,7,6,5,12
LL,node_19,20250512-09:36:00,event,2,7,7,4,12
LL,node_20,20250512-09:36:00,event,2,7,7,5,12
LL,node_21,20250512-09:36:00,event,2,7,6,4,12
LL,node_22,20250512-09:39:00,event,2,7,6,4,13
LL,node_23,20250512-09:39:00,event,2,7,7,5,13
LL,node_24,20250512-09:39:00,event,2,7,6,5,13
LL,node_25,20250512-09:39:00,event,2,7,7,5,13
LL,node_26,20250512-09:39:00,event,2,7,6,4,13
LL,node_27,20250512-09:45:00,event,2,7,6,4,15
LL,node_28,20250512-09:48:00,event,2,5,6,4,16
LL,node_29,20250512-09:48:00,event,2,5,6,5,16
LL,node_30,20250512-09:48:00,event,2,7,6,4,16
LL,node_31,20250512-09:48:00,thought,2,6,6,4,16
LL,node_32,20250512-09:48:00,thought,2,7,6,5,16
LL,node_33,20250512-09:48:00,thought,2,6,6,4,16
LL,node_34,20250512-09:48:00,thought,2,7,7,5,16
LL,node_35,20250512-09:48:00,thought,2,5,7,5,16
LL,node_36,20250512-09:48:00,thought,2,7,6,4,16
LL,node_37,20250512-09:48:00,thought,2,6,7,4,16
LL,node_38,20250512-09:48:00,thought,2,6,7,4,16
LL,node_39,20250512-09:48:00,thought,2,7,7,4,16
LL,node_40,20250512-09:48:00,thought,2,7,7,4,16
LL,node_41,20250512-09:48:00,thought,2,7,6,4,16
LL,node_42,20250512-09:48:00,thought,2,7,6,5,16
LL,node_43,20250512-09:48:00,thought,2,7,7,5,16
LL,node_44,20250512-09:48:00,thought,2,7,7,5,16
LL,node_45,20250512-09:48:00,thought,2,7,7,5,16
LL,node_46,20250512-09:48:00,thought,2,7,7,4,16
LL,node_47,20250512-09:48:00,thought,2,7,6,4,16
LL,node_48,20250512-09:54:00,event,2,7,7,4,18
LL,node_49,20250512-09:54:00,event,2,7,7,4,18
LL,node_50,20250512-10:00:00,event,2,7,7,4,20
LL,node_51,20250512-10:00:00,event,2,7,7,4,20
LL,node_52,20250512-10:03:00,event,2,7,7,5,21
LL,node_53,20250512-10:06:00,chat,2,7,7,4,22
LL,node_54,20250512-10:09:00,event,2,7,6,4,23
LL,node_55,20250512-10:09:00,chat,2,7,7,5,23
LL,node_56,20250512-10:12:00,event,2,7,7,5,24
LL,node_57,20250512-10:15:00,event,2,7,6,4,25
LL,node_58,20250512-10:15:00,event,2,7,7,5,25
LL,node_59,20250512-10:15:00,event,2,7,7,4,25
LL,node_60,20250512-10:18:00,chat,2,7,7,4,26
LL,node_61,20250512-10:18:00,event,2,7,7,5,26
LL,node_62,20250512-10:21:00,chat,2,7,6,5,27
LL,node_63,20250512-10:24:00,event,2,7,7,5,28
LL,node_64,20250512-10:24:00,event,2,7,6,5,28
LL,node_65,20250512-10:24:00,event,2,6,7,5,28
LL,node_66,20250512-10:27:00,event,2,7,6,4,29
LL,node_67,20250512-10:27:00,chat,2,6,7,4,29
LL,node_68,20250512-10:27:00,event,2,5,6,5,29
LL,node_69,20250512-10:27:00,event,2,7,7,5,29
LL,node_70,20250512-10:27:00,event,2,7,7,5,29
LL,node_71,20250512-10:33:00,event,2,7,7,4,31
LL,node_72,20250512-10:36:00,event,2,5,7,5,32
LL,node_73,20250512-10:42:00,event,2,6,7,5,34
LL,node_74,20250512-10:42:00,event,2,6,7,4,34
LL,node_75,20250512-10:45:00,event,2,7,7,4,35
LL,node_76,20250512-10:48:00,event,2,6,7,4,36
LL,node_77,20250512-10:51:00,chat,2,6,7,4,37
LL,node_78,20250512-10:51:00,event,2,6,7,4,37
LL,node_79,20250512-10:51:00,thought,2,7,7,4,37
LL,node_80,20250512-10:51:00,thought,2,7,7,4,37
LL,node_81,20250512-10:51:00,thought,2,7,7,5,37
LL,node_82,20250512-10:51:00,thought,2,7,6,4,37
LL,node_83,20250512-10:51:00,thought,2,7,7,5,37
LL,node_84,20250512-10:51:00,thought,2,7,7,5,37
LL,node_85,20250512-10:51:00,thought,2,6,7,5,37
LL,node_86,20250512-10:51:00,thought,2,7,7,4,37
LL,node_87,20250512-10:51:00,thought,2,7,7,5,37
LL,node_88,20250512-10:51:00,thought,2,7,7,5,37
LL,node_89,20250512-10:51:00,thought,2,7,7,5,37
LL,node_90,20250512-10:51:00,thought,2,7,7,5,37
LL,node_91,20250512-10:51:00,thought,2,6,7,5,37
LL,node_92,20250512-10:51:00,thought,2,7,7,5,37
LL,node_93,20250512-10:51:00,thought,2,6,7,5,37
LL,node_94,20250512-10:51:00,thought,2,7,7,5,37
LL,node_95,20250512-10:51:00,thought,2,7,6,4,37
LL,node_96,20250512-10:54:00,event,2,7,7,5,38
LL,node_97,20250512-10:57:00,event,2,7,6,5,39
MM,node_0,20250512-09:00:00,thought,9,5,5,3,0
MM,node_1,20250512-09:03:00,chat,9,6,6,3,1
MM,node_2,20250512-09:06:00,chat,9,7,7,3,2
MM,node_3,20250512-09:09:00,event,9,7,5,4,3
MM,node_4,20250512-09:09:00,event,9,8,6,3,3
MM,node_5,20250512-09:09:00,event,9,7,6,4,3
MM,node_6,20250512-09:09:00,event,1,7,6,3,3
MM,node_7,20250512-09:09:00,event,2,7,6,4,3
MM,node_8,20250512-09:12:00,event,2,6,6,4,4
MM,node_9,20250512-09:12:00,event,2,6,6,3,4
MM,node_10,20250512-09:12:00,event,2,7,6,4,4
MM,node_11,20250512-09:12:00,event,1,7,6,3,4
MM,node_12,20250512-09:15:00,event,1,7,6,5,5
MM,node_13,20250512-09:15:00,event,1,7,6,4,5
MM,node_14,20250512-09:18:00,event,1,7,6,4,6
MM,node_15,20250512-09:21:00,event,2,7,6,4,7
MM,node_16,20250512-09:24:00,event,1,6,6,3,8
MM,node_17,20250512-09:24:00,event,2,7,6,5,8
MM,node_18,20250512-09:27:00,event,2,7,7,4,9
MM,node_19,20250512-09:27:00,event,1,7,6,3,9
MM,node_20,20250512-09:27:00,event,1,7,6,3,9
MM,node_21,20250512-09:30:00,event,2,7,6,3,10
MM,node_22,20250512-09:33:00,event,1,7,6,4,11
MM,node_23,20250512-09:36:00,event,1,7,6,3,12
MM,node_24,20250512-09:39:00,event,1,7,6,3,13
MM,node_25,20250512-09:39:00,event,2,7,6,3,13
MM,node_26,20250512-09:39:00,event,2,7,6,3,13
MM,node_27,20250512-09:39:00,event,2,7,6,5,13
MM,node_28,20250512-09:39:00,event,2,8,6,3,13
MM,node_29,20250512-09:39:00,thought,2,7,6,3,13
MM,node_30,20250512-09:39:00,thought,1,8,6,4,13
MM,node_31,20250512-09:39:00,thought,2,8,6,3,13
MM,node_32,20250512-09:39:00,thought,2,7,6,3,13
MM,node_33,20250512-09:39:00,thought,1,8,6,3,13
MM,node_34,20250512-09:39:00,thought,2,8,6,4,13
MM,node_35,20250512-09:39:00,thought,2,8,6,4,13
MM,node_36,20250512-09:39:00,thought,2,7,6,4,13
MM,node_37,20250512-09:39:00,thought,2,8,5,3,13
MM,node_38,20250512-09:39:00,thought,2,8,6,3,13
MM,node_39,20250512-09:39:00,thought,2,8,6,3,13
MM,node_40,20250512-09:39:00,thought,2,8,6,3,13
MM,node_41,20250512-09:39:00,thought,2,8,6,4,13
MM,node_42,20250512-09:39:00,thought,1,8,6,4,13
MM,node_43,20250512-09:39:00,thought,2,8,7,3,13
MM,node_44,20250512-09:39:00,thought,1,8,6,4,13
MM,node_45,20250512-09:42:00,event,1,8,7,3,14
MM,node_46,20250512-09:42:00,event,2,8,6,4,14
MM,node_47,20250512-09:42:00,event,2,7,6,3,14
MM,node_48,20250512-09:48:00,event,2,7,6,4,16
MM,node_49,20250512-09:51:00,event,1,8,6,4,17
MM,node_50,20250512-09:54:00,event,2,8,6,3,18
MM,node_51,20250512-09:57:00,event,1,7,6,4,19
MM,node_52,20250512-09:57:00,event,1,8,6,4,19
MM,node_53,20250512-09:57:00,event,2,8,6,4,19
MM,node_54,20250512-10:00:00,event,1,8,6,4,20
MM,node_55,20250512-10:00:00,event,1,8,6,3,20
MM,node_56,20250512-10:03:00,event,1,7,7,4,21
MM,node_57,20250512-10:06:00,chat,2,7,5,3,22
MM,node_58,20250512-10:09:00,event,2,7,6,3,23
MM,node_59,20250512-10:09:00,chat,1,8,6,4,23
MM,node_60,20250512-10:09:00,event,2,7,6,4,23
MM,node_61,20250512-10:09:00,event,2,7,6,4,23
MM,node_62,20250512-10:12:00,chat,2,8,7,3,24
MM,node_63,20250512-10:12:00,event,1,8,6,3,24
MM,node_64,20250512-10:12:00,event,2,7,5,3,24
MM,node_65,20250512-10:15:00,event,1,7,6,3,25
MM,node_66,20250512-10:15:00,chat,2,8,6,3,25
MM,node_67,20250512-10:15:00,event,2,8,6,4,25
MM,node_68,20250512-10:18:00,event,2,8,6,3,26
MM,node_69,20250512-10:18:00,event,1,8,6,3,26
MM,node_70,20250512-10:18:00,event,2,8,6,3,26
MM,node_71,20250512-10:18:00,thought,2,8,6,4,26
MM,node_72,20250512-10:18:00,thought,2,8,7,4,26
MM,node_73,20250512-10:18:00,thought,2,7,7,3,26
MM,node_74,20250512-10:18:00,thought,2,8,6,3,26
MM,node_75,20250512-10:18:00,thought,2,8,6,4,26
MM,node_76,20250512-10:18:00,thought,2,8,6,3,26
MM,node_77,20250512-10:18:00,thought,2,7,6,4,26
MM,node_78,20250512-10:18:00,thought,2,8,6,4,26
MM,node_79,20250512-10:18:00,thought,2,7,7,5,26
MM,node_80,20250512-10:18:00,thought,2,7,6,4,26
MM,node_81,20250512-10:18:00,thought,2,7,7,4,26
MM,node_82,20250512-10:18:00,thought,2,8,7,4,26
MM,node_83,20250512-10:18:00,thought,2,8,6,4,26
MM,node_84,20250512-10:18:00,thought,2,7,7,4,26
MM,node_85,20250512-10:18:00,thought,2,7,7,3,26
MM,node_86,20250512-10:18:00,thought,2,7,6,3,26
MM,node_87,20250512-10:18:00,thought,2,7,6,3,26
MM,node_88,20250512-10:21:00,chat,2,7,6,3,27
MM,node_89,20250512-10:21:00,event,2,7,7,3,27
MM,node_90,20250512-10:21:00,event,2,7,6,4,27
MM,node_91,20250512-10:21:00,event,2,7,6,3,27
MM,node_92,20250512-10:24:00,chat,2,7,6,3,28
MM,node_93,20250512-10:27:00,event,2,7,6,4,29
MM,node_94,20250512-10:27:00,event,2,7,6,3,29
MM,node_95,20250512-10:27:00,event,2,7,6,5,29
MM,node_96,20250512-10:27:00,event,1,7,6,4,29
MM,node_97,20250512-10:30:00,event,1,7,5,4,30
MM,node_98,20250512-10:30:00,chat,1,7,6,4,30
MM,node_99,20250512-10:30:00,event,2,7,6,3,30
MM,node_100,20250512-10:30:00,event,1,7,6,4,30
MM,node_101,20250512-10:33:00,event,2,7,6,4,31
MM,node_102,20250512-10:33:00,event,2,7,6,5,31
MM,node_103,20250512-10:33:00,event,2,7,6,3,31
MM,node_104,20250512-10:36:00,event,2,7,6,4,32
MM,node_105,20250512-10:36:00,event,2,7,6,4,32
MM,node_106,20250512-10:36:00,event,1,6,7,4,32
MM,node_107,20250512-10:39:00,event,2,7,6,4,33
MM,node_108,20250512-10:39:00,event,2,7,6,4,33
MM,node_109,20250512-10:39:00,event,2,7,6,3,33
MM,node_110,20250512-10:39:00,event,2,7,6,5,33
MM,node_111,20250512-10:42:00,event,2,7,7,5,34
MM,node_112,20250512-10:42:00,event,2,7,6,4,34
MM,node_113,20250512-10:42:00,event,2,7,6,3,34
MM,node_114,20250512-10:42:00,thought,2,7,7,5,34
MM,node_115,20250512-10:42:00,thought,2,7,6,3,34
MM,node_116,20250512-10:42:00,thought,2,7,6,4,34
MM,node_117,20250512-10:42:00,thought,2,7,6,4,34
MM,node_118,20250512-10:42:00,thought,2,8,7,4,34
MM,node_119,20250512-10:42:00,thought,2,7,6,5,34
MM,node_120,20250512-10:42:00,thought,1,7,6,4,34
MM,node_121,20250512-10:42:00,thought,2,7,7,4,34
MM,node_122,20250512-10:42:00,thought,2,7,6,5,34
MM,node_123,20250512-10:42:00,thought,1,7,7,4,34
MM,node_124,20250512-10:42:00,thought,2,7,6,4,34
MM,node_125,20250512-10:42:00,thought,1,7,6,3,34
MM,node_126,20250512-10:42:00,thought,1,7,7,4,34
MM,node_127,20250512-10:42:00,thought,1,7,6,4,34
MM,node_128,20250512-10:42:00,thought,2,7,5,4,34
MM,node_129,20250512-10:42:00,thought,2,7,6,3,34
MM,node_130,20250512-10:42:00,thought,2,7,6,5,34
MM,node_131,20250512-10:45:00,event,2,8,6,4,35
MM,node_132,20250512-10:48:00,event,1,7,6,4,36
MM,node_133,20250512-10:51:00,event,1,7,6,4,37
MM,node_134,20250512-10:51:00,event,1,7,6,5,37
MM,node_135,20250512-10:54:00,event,1,8,6,4,38
MM,node_136,20250512-10:57:00,event,1,8,6,4,39
NN,node_0,20250512-09:00:00,thought,9,5,6,5,0
NN,node_1,20250512-09:03:00,chat,9,5,7,5,1
NN,node_2,20250512-09:03:00,event,9,7,7,4,1
NN,node_3,20250512-09:03:00,event,9,7,7,5,1
NN,node_4,20250512-09:03:00,event,2,7,7,5,1
NN,node_5,20250512-09:06:00,event,2,6,7,5,2
NN,node_6,20250512-09:06:00,event,2,6,7,5,2
NN,node_7,20250512-09:06:00,event,2,5,7,5,2
NN,node_8,20250512-09:06:00,event,9,6,7,4,2
NN,node_9,20250512-09:06:00,event,9,6,7,5,2
NN,node_10,20250512-09:09:00,event,9,6,7,5,3
NN,node_11,20250512-09:09:00,event,2,6,7,4,3
NN,node_12,20250512-09:09:00,event,2,7,7,5,3
NN,node_13,20250512-09:12:00,event,2,7,7,5,4
NN,node_14,20250512-09:12:00,event,2,7,7,5,4
NN,node_15,20250512-09:12:00,event,2,7,7,4,4
NN,node_16,20250512-09:15:00,event,2,6,7,5,5
NN,node_17,20250512-09:15:00,event,2,7,7,5,5
NN,node_18,20250512-09:15:00,event,2,6,7,5,5
NN,node_19,20250512-09:15:00,event,2,5,7,5,5
NN,node_20,20250512-09:21:00,event,2,6,7,5,7
NN,node_21,20250512-09:21:00,event,2,6,7,5,7
NN,node_22,20250512-09:21:00,event,2,6,7,5,7
NN,node_23,20250512-09:24:00,event,2,6,7,5,8
NN,node_24,20250512-09:24:00,event,2,6,7,5,8
NN,node_25,20250512-09:27:00,event,1,6,7,4,9
NN,node_26,20250512-09:30:00,event,1,6,7,5,10
NN,node_27,20250512-09:33:00,event,2,6,7,5,11
NN,node_28,20250512-09:33:00,thought,2,6,7,5,11
NN,node_29,20250512-09:33:00,thought,2,6,7,5,11
NN,node_30,20250512-09:33:00,thought,2,6,7,5,11
NN,node_31,20250512-09:33:00,thought,2,7,7,5,11
NN,node_32,20250512-09:33:00,thought,2,6,7,5,11
NN,node_33,20250512-09:33:00,thought,2,6,7,4,11
NN,node_34,20250512-09:33:00,thought,2,7,7,5,11
NN,node_35,20250512-09:33:00,thought,2,7,7,5,11
NN,node_36,20250512-09:33:00,thought,1,7,7,5,11
NN,node_37,20250512-09:33:00,thought,2,7,7,5,11
NN,node_38,20250512-09:33:00,thought,1,6,7,5,11
NN,node_39,20250512-09:33:00,thought,1,7,7,5,11
NN,node_40,20250512-09:33:00,thought,1,7,7,4,11
NN,node_41,20250512-09:33:00,thought,2,7,7,5,11
NN,node_42,20250512-09:33:00,thought,2,6,7,5,11
NN,node_43,20250512-09:33:00,thought,2,6,7,5,11
NN,node_44,20250512-09:33:00,thought,1,6,7,5,11
NN,node_45,20250512-09:36:00,event,1,7,7,5,12
NN,node_46,20250512-09:36:00,event,1,6,7,5,12
NN,node_47,20250512-09:36:00,event,2,7,7,5,12
NN,node_48,20250512-09:39:00,event,2,7,7,4,13
NN,node_49,20250512-09:39:00,event,2,7,7,5,13
NN,node_50,20250512-09:39:00,event,2,6,7,4,13
NN,node_51,20250512-09:39:00,event,2,6,7,5,13
NN,node_52,20250512-09:42:00,event,2,7,7,5,14
NN,node_53,20250512-09:42:00,event,2,7,7,5,14
NN,node_54,20250512-09:45:00,event,2,6,7,5,15
NN,node_55,20250512-09:45:00,event,2,6,7,5,15
NN,node_56,20250512-09:51:00,event,2,7,7,4,17
NN,node_57,20250512-09:51:00,event,1,7,7,4,17
NN,node_58,20250512-09:54:00,event,2,7,7,5,18
NN,node_59,20250512-09:54:00,event,2,7,7,5,18
NN,node_60,20250512-09:57:00,event,2,7,7,4,19
NN,node_61,20250512-09:57:00,event,2,7,7,5,19
NN,node_62,20250512-10:00:00,event,2,7,7,4,20
NN,node_63,20250512-10:03:00,event,2,7,7,5,21
NN,node_64,20250512-10:06:00,event,2,7,7,5,22
NN,node_65,20250512-10:06:00,event,2,7,7,4,22
NN,node_66,20250512-10:09:00,event,2,7,7,4,23
NN,node_67,20250512-10:09:00,event,2,7,7,4,23
NN,node_68,20250512-10:09:00,event,2,7,7,5,23
NN,node_69,20250512-10:09:00,event,2,7,7,4,23
NN,node_70,20250512-10:09:00,event,1,7,7,5,23
NN,node_71,20250512-10:09:00,event,2,7,7,4,23
NN,node_72,20250512-10:09:00,thought,2,7,7,5,23
NN,node_73,20250512-10:09:00,thought,2,7,7,5,23
NN,node_74,20250512-10:09:00,thought,2,7,7,5,23
NN,node_75,20250512-10:09:00,thought,2,7,7,4,23
NN,node_76,20250512-10:09:00,thought,2,7,7,4,23
NN,node_77,20250512-10:09:00,thought,2,7,7,5,23
NN,node_78,20250512-10:09:00,thought,2,7,7,5,23
NN,node_79,20250512-10:09:00,thought,2,7,7,5,23
NN,node_80,20250512-10:09:00,thought,2,7,7,5,23
NN,node_81,20250512-10:09:00,thought,2,7,7,5,23
NN,node_82,20250512-10:09:00,thought,2,7,7,5,23
NN,node_83,20250512-10:09:00,thought,2,7,7,4,23
NN,node_84,20250512-10:09:00,thought,2,7,7,5,23
NN,node_85,20250512-10:09:00,thought,2,7,7,5,23
NN,node_86,20250512-10:09:00,thought,2,7,7,5,23
NN,node_87,20250512-10:12:00,event,2,7,7,4,24
NN,node_88,20250512-10:12:00,event,2,7,7,4,24
NN,node_89,20250512-10:15:00,chat,2,7,7,4,25
NN,node_90,20250512-10:15:00,event,2,7,7,5,25
NN,node_91,20250512-10:15:00,event,2,7,7,4,25
NN,node_92,20250512-10:18:00,event,2,7,7,5,26
NN,node_93,20250512-10:18:00,event,1,7,7,5,26
NN,node_94,20250512-10:18:00,event,2,7,6,4,26
NN,node_95,20250512-10:21:00,chat,2,7,6,4,27
NN,node_96,20250512-10:21:00,event,2,7,7,4,27
NN,node_97,20250512-10:21:00,event,2,7,7,5,27
NN,node_98,20250512-10:21:00,event,2,7,7,5,27
NN,node_99,20250512-10:21:00,event,2,7,6,5,27
NN,node_100,20250512-10:24:00,event,2,5,7,5,28
NN,node_101,20250512-10:24:00,event,2,6,6,4,28
NN,node_102,20250512-10:24:00,event,2,6,7,5,28
NN,node_103,20250512-10:24:00,event,1,7,7,5,28
NN,node_104,20250512-10:27:00,event,1,7,7,5,29
NN,node_105,20250512-10:27:00,chat,1,7,7,5,29
NN,node_106,20250512-10:27:00,event,1,7,7,5,29
NN,node_107,20250512-10:27:00,event,1,7,7,5,29
NN,node_108,20250512-10:27:00,event,1,7,7,5,29
NN,node_109,20250512-10:30:00,event,1,7,7,5,30
NN,node_110,20250512-10:30:00,event,1,7,7,5,30
NN,node_111,20250512-10:30:00,event,1,7,7,5,30
NN,node_112,20250512-10:30:00,event,1,7,7,5,30
NN,node_113,20250512-10:30:00,thought,1,6,7,5,30
NN,node_114,20250512-10:30:00,thought,9,7,7,5,30
NN,node_115,20250512-10:30:00,thought,1,7,6,5,30
NN,node_116,20250512-10:30:00,thought,1,6,7,5,30
NN,node_117,20250512-10:30:00,thought,1,7,7,5,30
NN,node_118,20250512-10:30:00,thought,1,7,7,5,30
NN,node_119,20250512-10:30:00,thought,1,7,7,5,30
NN,node_120,20250512-10:30:00,thought,1,7,7,5,30
NN,node_121,20250512-10:30:00,thought,1,7,7,5,30
NN,node_122,20250512-10:30:00,thought,1,7,7,5,30
NN,node_123,20250512-10:30:00,thought,1,7,7,5,30
NN,node_124,20250512-10:30:00,thought,1,7,7,5,30
NN,node_125,20250512-10:30:00,thought,1,7,7,5,30
NN,node_126,20250512-10:30:00,thought,1,7,7,5,30
NN,node_127,20250512-10:30:00,thought,1,7,7,5,30
NN,node_128,20250512-10:30:00,thought,1,7,7,5,30
NN,node_129,20250512-10:30:00,thought,1,7,7,5,30
NN,node_130,20250512-10:33:00,event,1,7,7,5,31
NN,node_131,20250512-10:33:00,event,1,7,7,4,31
NN,node_132,20250512-10:33:00,event,1,7,7,5,31
NN,node_133,20250512-10:33:00,event,1,7,7,5,31
NN,node_134,20250512-10:36:00,event,1,7,7,5,32
NN,node_135,20250512-10:36:00,event,1,7,7,5,32
NN,node_136,20250512-10:39:00,event,2,7,7,5,33
NN,node_137,20250512-10:39:00,event,1,7,7,5,33
NN,node_138,20250512-10:39:00,event,2,7,7,5,33
NN,node_139,20250512-10:39:00,event,1,7,7,5,33
NN,node_140,20250512-10:39:00,event,1,7,7,5,33
NN,node_141,20250512-10:42:00,event,1,7,7,5,34
NN,node_142,20250512-10:42:00,event,1,7,7,5,34
NN,node_143,20250512-10:45:00,event,1,7,7,5,35
NN,node_144,20250512-10:45:00,event,1,7,7,5,35
NN,node_145,20250512-10:51:00,chat,1,7,7,5,37
NN,node_146,20250512-10:51:00,event,1,7,7,5,37
NN,node_147,20250512-10:54:00,chat,1,7,7,4,38
NN,node_148,20250512-10:57:00,event,1,7,7,5,39
NN,node_149,20250512-10:57:00,event,1,7,7,4,39
OO,node_0,20250512-09:00:00,thought,9,5,6,4,0
OO,node_1,20250512-09:03:00,event,9,6,7,4,1
OO,node_2,20250512-09:03:00,event,9,5,6,4,1
OO,node_3,20250512-09:03:00,event,9,5,6,4,1
OO,node_4,20250512-09:06:00,event,9,6,7,4,2
OO,node_5,20250512-09:06:00,chat,9,6,6,5,2
OO,node_6,20250512-09:06:00,event,9,7,7,5,2
OO,node_7,20250512-09:06:00,event,9,7,7,5,2
OO,node_8,20250512-09:06:00,event,9,6,7,4,2
OO,node_9,20250512-09:09:00,chat,9,5,7,4,3
OO,node_10,20250512-09:12:00,event,9,7,7,5,4
OO,node_11,20250512-09:12:00,event,9,7,7,5,4
OO,node_12,20250512-09:12:00,event,1,7,7,4,4
OO,node_13,20250512-09:12:00,event,1,7,7,4,4
OO,node_14,20250512-09:15:00,event,9,7,7,4,5
OO,node_15,20250512-09:15:00,event,1,6,7,4,5
OO,node_16,20250512-09:15:00,event,1,5,6,4,5
OO,node_17,20250512-09:18:00,event,1,6,6,4,6
OO,node_18,20250512-09:18:00,event,9,7,7,5,6
OO,node_19,20250512-09:21:00,event,1,6,7,5,7
OO,node_20,20250512-09:24:00,event,1,7,6,5,8
OO,node_21,20250512-09:27:00,event,9,6,6,5,9
OO,node_22,20250512-09:27:00,event,9,6,7,4,9
OO,node_23,20250512-09:27:00,event,1,6,7,5,9
OO,node_24,20250512-09:27:00,event,1,7,6,5,9
OO,node_25,20250512-09:33:00,event,1,7,6,4,11
OO,node_26,20250512-09:33:00,event,1,7,6,5,11
OO,node_27,20250512-09:33:00,event,1,7,7,5,11
OO,node_28,20250512-09:33:00,thought,9,7,6,5,11
OO,node_29,20250512-09:33:00,thought,1,7,7,5,11
OO,node_30,20250512-09:33:00,thought,1,6,7,5,11
OO,node_31,20250512-09:33:00,thought,1,7,6,5,11
OO,node_32,20250512-09:33:00,thought,1,7,7,5,11
OO,node_33,20250512-09:33:00,thought,1,7,7,5,11
OO,node_34,20250512-09:33:00,thought,1,7,7,5,11
OO,node_35,20250512-09:33:00,thought,9,7,7,5,11
OO,node_36,20250512-09:33:00,thought,1,7,7,5,11
OO,node_37,20250512-09:33:00,thought,1,7,7,5,11
OO,node_38,20250512-09:33:00,thought,9,7,7,5,11
OO,node_39,20250512-09:33:00,thought,9,7,7,5,11
OO,node_40,20250512-09:33:00,thought,9,7,7,5,11
OO,node_41,20250512-09:33:00,thought,9,7,7,4,11
OO,node_42,20250512-09:33:00,thought,1,7,7,5,11
OO,node_43,20250512-09:33:00,thought,9,7,7,5,11
OO,node_44,20250512-09:33:00,thought,1,7,7,5,11
OO,node_45,20250512-09:36:00,event,1,7,7,5,12
OO,node_46,20250512-09:36:00,event,1,8,7,5,12
OO,node_47,20250512-09:36:00,event,9,7,6,5,12
OO,node_48,20250512-09:39:00,event,1,7,7,4,13
OO,node_49,20250512-09:39:00,event,1,7,7,5,13
OO,node_50,20250512-09:48:00,event,1,7,7,5,16
OO,node_51,20250512-09:54:00,event,1,7,7,4,18
OO,node_52,20250512-09:54:00,event,1,7,7,5,18
OO,node_53,20250512-09:54:00,event,2,8,6,3,18
OO,node_54,20250512-09:57:00,event,1,7,7,5,19
OO,node_55,20250512-10:03:00,event,1,7,7,4,21
OO,node_56,20250512-10:06:00,event,2,7,7,5,22
OO,node_57,20250512-10:06:00,event,1,8,7,5,22
OO,node_58,20250512-10:06:00,event,2,7,7,5,22
OO,node_59,20250512-10:06:00,event,2,7,7,5,22
OO,node_60,20250512-10:09:00,chat,2,7,7,5,23
OO,node_61,20250512-10:12:00,event,1,7,6,5,24
OO,node_62,20250512-10:12:00,event,1,7,7,4,24
OO,node_63,20250512-10:12:00,event,2,8,7,5,24
OO,node_64,20250512-10:12:00,event,1,7,7,5,24
OO,node_65,20250512-10:12:00,event,1,7,6,4,24
OO,node_66,20250512-10:15:00,chat,1,8,7,4,25
OO,node_67,20250512-10:18:00,event,1,8,7,5,26
OO,node_68,20250512-10:18:00,event,1,7,7,4,26
OO,node_69,20250512-10:18:00,event,1,7,7,4,26
OO,node_70,20250512-10:18:00,event,1,7,7,5,26
OO,node_71,20250512-10:18:00,event,2,7,6,4,26
OO,node_72,20250512-10:18:00,thought,2,7,6,4,26
OO,node_73,20250512-10:18:00,thought,2,7,7,5,26
OO,node_74,20250512-10:18:00,thought,2,7,7,4,26
OO,node_75,20250512-10:18:00,thought,2,7,7,5,26
OO,node_76,20250512-10:18:00,thought,2,7,6,4,26
OO,node_77,20250512-10:18:00,thought,2,7,7,5,26
OO,node_78,20250512-10:18:00,thought,2,7,7,5,26
OO,node_79,20250512-10:18:00,thought,2,6,7,4,26
OO,node_80,20250512-10:18:00,thought,2,7,6,3,26
OO,node_81,20250512-10:18:00,thought,2,6,7,5,26
OO,node_82,20250512-10:18:00,thought,2,6,6,5,26
OO,node_83,20250512-10:18:00,thought,2,7,6,5,26
OO,node_84,20250512-10:18:00,thought,2,7,6,4,26
OO,node_85,20250512-10:18:00,thought,2,6,7,5,26
OO,node_86,20250512-10:18:00,thought,2,6,7,4,26
OO,node_87,20250512-10:18:00,thought,2,7,7,4,26
OO,node_88,20250512-10:18:00,thought,2,7,7,5,26
OO,node_89,20250512-10:21:00,event,2,7,7,3,27
OO,node_90,20250512-10:21:00,event,1,7,6,4,27
OO,node_91,20250512-10:21:00,event,1,7,6,4,27
OO,node_92,20250512-10:21:00,event,1,7,7,5,27
OO,node_93,20250512-10:21:00,event,2,7,7,4,27
OO,node_94,20250512-10:24:00,event,1,7,7,5,28
OO,node_95,20250512-10:24:00,chat,2,7,7,4,28
OO,node_96,20250512-10:24:00,event,1,6,7,5,28
OO,node_97,20250512-10:24:00,event,1,7,7,4,28
OO,node_98,20250512-10:27:00,event,2,6,7,5,29
OO,node_99,20250512-10:27:00,event,1,7,7,5,29
OO,node_100,20250512-10:27:00,event,1,7,7,5,29
OO,node_101,20250512-10:27:00,event,1,7,6,5,29
OO,node_102,20250512-10:27:00,event,1,7,7,5,29
OO,node_103,20250512-10:30:00,event,1,7,7,5,30
OO,node_104,20250512-10:30:00,event,9,7,7,4,30
OO,node_105,20250512-10:33:00,event,1,6,7,5,31
OO,node_106,20250512-10:33:00,chat,1,7,7,5,31
OO,node_107,20250512-10:33:00,event,1,7,7,5,31
OO,node_108,20250512-10:33:00,event,1,7,7,5,31
OO,node_109,20250512-10:33:00,event,1,7,7,5,31
OO,node_110,20250512-10:36:00,event,1,7,7,5,32
OO,node_111,20250512-10:36:00,event,1,7,7,5,32
OO,node_112,20250512-10:36:00,event,1,6,7,5,32
OO,node_113,20250512-10:39:00,event,1,7,7,5,33
OO,node_114,20250512-10:39:00,chat,1,7,7,5,33
OO,node_115,20250512-10:39:00,event,1,7,7,5,33
OO,node_116,20250512-10:39:00,event,2,6,7,5,33
OO,node_117,20250512-10:39:00,event,1,7,7,5,33
OO,node_118,20250512-10:39:00,thought,1,7,7,5,33
OO,node_119,20250512-10:39:00,thought,2,7,7,5,33
OO,node_120,20250512-10:39:00,thought,9,7,7,5,33
OO,node_121,20250512-10:39:00,thought,1,6,7,5,33
OO,node_122,20250512-10:39:00,thought,1,7,7,5,33
OO,node_123,20250512-10:39:00,thought,2,7,7,5,33
OO,node_124,20250512-10:39:00,thought,1,7,7,5,33
OO,node_125,20250512-10:39:00,thought,1,7,7,5,33
OO,node_126,20250512-10:39:00,thought,1,7,7,5,33
OO,node_127,20250512-10:39:00,thought,1,7,7,5,33
OO,node_128,20250512-10:39:00,thought,1,7,7,5,33
OO,node_129,20250512-10:39:00,thought,2,7,7,5,33
OO,node_130,20250512-10:39:00,thought,1,7,7,5,33
OO,node_131,20250512-10:39:00,thought,1,7,7,5,33
OO,node_132,20250512-10:39:00,thought,1,7,7,4,33
OO,node_133,20250512-10:39:00,thought,1,7,7,5,33
OO,node_134,20250512-10:39:00,thought,1,7,7,4,33
OO,node_135,20250512-10:42:00,chat,1,7,7,5,34
OO,node_136,20250512-10:45:00,event,1,7,7,5,35
OO,node_137,20250512-10:45:00,chat,1,7,7,5,35
OO,node_138,20250512-10:51:00,event,1,7,6,3,37
OO,node_139,20250512-10:51:00,event,1,8,7,5,37
OO,node_140,20250512-10:51:00,event,1,7,7,5,37
OO,node_141,20250512-10:54:00,event,1,7,7,4,38
OO,node_142,20250512-10:54:00,chat,1,7,7,5,38
OO,node_143,20250512-10:57:00,event,1,7,7,3,39
OO,node_144,20250512-10:57:00,event,1,7,7,4,39
PP,node_0,20250512-09:00:00,thought,9,5,7,4,0
PP,node_1,20250512-09:03:00,event,9,7,7,5,1
PP,node_2,20250512-09:03:00,event,9,7,7,3,1
PP,node_3,20250512-09:03:00,event,9,8,7,5,1
PP,node_4,20250512-09:03:00,event,9,7,7,3,1
PP,node_5,20250512-09:06:00,event,9,6,7,3,2
PP,node_6,20250512-09:06:00,event,9,7,7,5,2
PP,node_7,20250512-09:06:00,event,1,7,7,5,2
PP,node_8,20250512-09:09:00,chat,9,7,7,4,3
PP,node_9,20250512-09:09:00,event,1,8,7,5,3
PP,node_10,20250512-09:09:00,event,1,8,7,3,3
PP,node_11,20250512-09:12:00,event,2,7,7,5,4
PP,node_12,20250512-09:12:00,event,2,8,7,4,4
PP,node_13,20250512-09:12:00,event,1,8,7,4,4
PP,node_14,20250512-09:12:00,event,2,8,7,5,4
PP,node_15,20250512-09:15:00,event,2,8,7,4,5
PP,node_16,20250512-09:18:00,event,2,8,7,3,6
PP,node_17,20250512-09:21:00,event,1,8,7,4,7
PP,node_18,20250512-09:21:00,event,1,8,7,5,7
PP,node_19,20250512-09:21:00,event,1,8,7,4,7
PP,node_20,20250512-09:24:00,event,1,8,7,3,8
PP,node_21,20250512-09:24:00,event,1,8,7,5,8
PP,node_22,20250512-09:24:00,event,1,8,7,4,8
PP,node_23,20250512-09:27:00,event,1,8,7,5,9
PP,node_24,20250512-09:30:00,event,1,8,7,5,10
PP,node_25,20250512-09:30:00,event,1,8,7,5,10
PP,node_26,20250512-09:30:00,thought,1,8,7,4,10
PP,node_27,20250512-09:30:00,thought,1,8,7,5,10
PP,node_28,20250512-09:30:00,thought,1,8,7,4,10
PP,node_29,20250512-09:30:00,thought,1,8,7,5,10
PP,node_30,20250512-09:30:00,thought,1,8,7,5,10
PP,node_31,20250512-09:30:00,thought,1,8,7,4,10
PP,node_32,20250512-09:30:00,thought,9,8,7,4,10
PP,node_33,20250512-09:30:00,thought,1,8,7,5,10
PP,node_34,20250512-09:30:00,thought,9,8,8,5,10
PP,node_35,20250512-09:30:00,thought,2,8,7,4,10
PP,node_36,20250512-09:30:00,thought,2,8,7,5,10
PP,node_37,20250512-09:30:00,thought,1,8,7,5,10
PP,node_38,20250512-09:30:00,thought,1,8,7,4,10
PP,node_39,20250512-09:30:00,thought,9,8,7,3,10
PP,node_40,20250512-09:30:00,thought,2,8,7,4,10
PP,node_41,20250512-09:30:00,thought,1,8,7,3,10
PP,node_42,20250512-09:30:00,thought,1,8,7,3,10
PP,node_43,20250512-09:36:00,event,1,8,7,4,12
PP,node_44,20250512-09:36:00,event,2,8,7,5,12
PP,node_45,20250512-09:39:00,event,2,8,7,4,13
PP,node_46,20250512-09:39:00,event,1,8,7,4,13
PP,node_47,20250512-09:39:00,event,1,8,7,5,13
PP,node_48,20250512-09:39:00,event,2,8,8,4,13
PP,node_49,20250512-09:39:00,event,1,8,7,5,13
PP,node_50,20250512-09:39:00,event,1,8,7,5,13
PP,node_51,20250512-09:42:00,event,1,8,7,5,14
PP,node_52,20250512-09:45:00,event,2,8,7,3,15
PP,node_53,20250512-09:51:00,event,2,8,7,5,17
PP,node_54,20250512-09:54:00,event,2,8,7,4,18
PP,node_55,20250512-09:54:00,event,2,8,7,4,18
PP,node_56,20250512-09:54:00,event,2,8,7,3,18
PP,node_57,20250512-10:03:00,event,2,8,7,3,21
PP,node_58,20250512-10:06:00,event,2,8,7,5,22
PP,node_59,20250512-10:06:00,event,2,8,7,5,22
PP,node_60,20250512-10:06:00,event,2,8,7,4,22
PP,node_61,20250512-10:09:00,event,2,8,7,3,23
PP,node_62,20250512-10:09:00,event,2,8,7,5,23
PP,node_63,20250512-10:12:00,event,1,8,7,4,24
PP,node_64,20250512-10:12:00,chat,2,8,8,4,24
PP,node_65,20250512-10:12:00,event,2,8,7,4,24
PP,node_66,20250512-10:15:00,event,2,8,7,4,25
PP,node_67,20250512-10:15:00,event,2,8,7,4,25
PP,node_68,20250512-10:15:00,event,1,8,7,4,25
PP,node_69,20250512-10:15:00,thought,1,8,7,4,25
PP,node_70,20250512-10:15:00,thought,2,8,7,3,25
PP,node_71,20250512-10:15:00,thought,2,8,7,5,25
PP,node_72,20250512-10:15:00,thought,2,8,7,5,25
PP,node_73,20250512-10:15:00,thought,2,8,7,4,25
PP,node_74,20250512-10:15:00,thought,1,8,8,5,25
PP,node_75,20250512-10:15:00,thought,1,8,8,5,25
PP,node_76,20250512-10:15:00,thought,2,8,7,3,25
PP,node_77,20250512-10:15:00,thought,2,8,7,5,25
PP,node_78,20250512-10:15:00,thought,2,8,8,4,25
PP,node_79,20250512-10:15:00,thought,2,8,7,5,25
PP,node_80,20250512-10:15:00,thought,2,8,7,4,25
PP,node_81,20250512-10:15:00,thought,2,8,7,5,25
PP,node_82,20250512-10:15:00,thought,2,8,8,4,25
PP,node_83,20250512-10:15:00,thought,2,8,7,5,25
PP,node_84,20250512-10:15:00,thought,2,8,7,3,25
PP,node_85,20250512-10:15:00,thought,1,8,7,3,25
PP,node_86,20250512-10:18:00,chat,2,8,7,5,26
PP,node_87,20250512-10:21:00,event,2,8,7,5,27
PP,node_88,20250512-10:21:00,event,2,8,7,3,27
PP,node_89,20250512-10:21:00,event,2,8,8,4,27
PP,node_90,20250512-10:21:00,event,1,8,7,3,27
PP,node_91,20250512-10:21:00,event,2,8,7,5,27
PP,node_92,20250512-10:21:00,event,1,8,7,3,27
PP,node_93,20250512-10:21:00,event,2,8,7,5,27
PP,node_94,20250512-10:24:00,event,2,8,7,3,28
PP,node_95,20250512-10:24:00,chat,2,8,7,3,28
PP,node_96,20250512-10:24:00,event,2,8,7,5,28
PP,node_97,20250512-10:24:00,event,1,8,8,4,28
PP,node_98,20250512-10:27:00,event,1,8,7,4,29
PP,node_99,20250512-10:27:00,event,1,8,7,5,29
PP,node_100,20250512-10:27:00,event,1,8,7,5,29
PP,node_101,20250512-10:27:00,event,1,8,7,4,29
PP,node_102,20250512-10:27:00,event,2,8,7,4,29
PP,node_103,20250512-10:30:00,event,1,8,8,5,30
PP,node_104,20250512-10:30:00,event,2,8,7,5,30
PP,node_105,20250512-10:30:00,event,1,8,7,5,30
PP,node_106,20250512-10:33:00,event,1,8,7,4,31
PP,node_107,20250512-10:33:00,event,1,8,7,5,31
PP,node_108,20250512-10:33:00,event,1,8,7,5,31
PP,node_109,20250512-10:33:00,event,2,8,7,5,31
PP,node_110,20250512-10:33:00,event,1,8,8,4,31
PP,node_111,20250512-10:33:00,thought,1,8,7,5,31
PP,node_112,20250512-10:33:00,thought,1,8,8,5,31
PP,node_113,20250512-10:33:00,thought,1,8,7,5,31
PP,node_114,20250512-10:33:00,thought,2,8,7,5,31
PP,node_115,20250512-10:33:00,thought,1,8,7,3,31
PP,node_116,20250512-10:33:00,thought,1,8,7,3,31
PP,node_117,20250512-10:33:00,thought,1,8,7,5,31
PP,node_118,20250512-10:33:00,thought,1,8,7,5,31
PP,node_119,20250512-10:33:00,thought,2,8,7,5,31
PP,node_120,20250512-10:33:00,thought,1,8,7,5,31
PP,node_121,20250512-10:33:00,thought,1,8,7,5,31
PP,node_122,20250512-10:33:00,thought,1,8,8,5,31
PP,node_123,20250512-10:33:00,thought,2,8,8,5,31
PP,node_124,20250512-10:33:00,thought,1,8,8,5,31
PP,node_125,20250512-10:33:00,thought,1,8,8,4,31
PP,node_126,20250512-10:33:00,thought,1,8,7,4,31
PP,node_127,20250512-10:33:00,thought,2,8,7,5,31
PP,node_128,20250512-10:36:00,event,1,8,7,5,32
PP,node_129,20250512-10:36:00,chat,1,8,7,5,32
PP,node_130,20250512-10:36:00,event,1,8,7,4,32
PP,node_131,20250512-10:39:00,event,2,8,7,5,33
PP,node_132,20250512-10:39:00,event,1,8,8,5,33
PP,node_133,20250512-10:39:00,event,1,8,7,4,33
PP,node_134,20250512-10:39:00,event,1,8,8,5,33
PP,node_135,20250512-10:39:00,event,1,8,8,4,33
PP,node_136,20250512-10:42:00,chat,1,8,8,4,34
PP,node_137,20250512-10:45:00,event,1,8,7,5,35
PP,node_138,20250512-10:45:00,event,1,8,7,5,35
PP,node_139,20250512-10:45:00,event,1,8,7,5,35
PP,node_140,20250512-10:45:00,event,1,8,7,4,35
PP,node_141,20250512-10:51:00,event,1,8,7,5,37
PP,node_142,20250512-10:51:00,chat,1,8,8,4,37
PP,node_143,20250512-10:51:00,event,1,8,7,5,37
PP,node_144,20250512-10:54:00,event,1,8,7,4,38
PP,node_145,20250512-10:54:00,event,2,8,7,5,38
PP,node_146,20250512-10:54:00,event,1,8,7,4,38
PP,node_147,20250512-10:57:00,event,1,8,7,3,39
QQ,node_0,20250512-09:00:00,thought,9,5,5,5,0
QQ,node_1,20250512-09:03:00,event,9,5,5,6,1
QQ,node_2,20250512-09:03:00,event,9,5,5,6,1
QQ,node_3,20250512-09:06:00,event,9,5,6,5,2
QQ,node_4,20250512-09:06:00,event,9,5,6,5,2
QQ,node_5,20250512-09:09:00,chat,9,5,5,5,3
QQ,node_6,20250512-09:12:00,event,9,4,6,7,4
QQ,node_7,20250512-09:12:00,event,9,3,6,5,4
QQ,node_8,20250512-09:15:00,event,9,3,6,5,5
QQ,node_9,20250512-09:18:00,event,2,3,6,5,6
QQ,node_10,20250512-09:24:00,event,2,3,6,5,8
QQ,node_11,20250512-09:27:00,event,2,4,6,5,9
QQ,node_12,20250512-09:27:00,event,2,3,6,5,9
QQ,node_13,20250512-09:33:00,event,2,3,5,5,11
QQ,node_14,20250512-09:36:00,event,2,4,6,5,12
QQ,node_15,20250512-09:36:00,event,2,4,6,5,12
QQ,node_16,20250512-09:36:00,event,2,3,6,5,12
QQ,node_17,20250512-09:36:00,event,2,3,5,4,12
QQ,node_18,20250512-09:36:00,event,2,3,5,5,12
QQ,node_19,20250512-09:42:00,event,2,3,5,5,14
QQ,node_20,20250512-09:42:00,event,2,3,6,4,14
QQ,node_21,20250512-09:48:00,event,2,3,6,5,16
QQ,node_22,20250512-09:48:00,event,2,3,5,5,16
QQ,node_23,20250512-10:03:00,event,2,3,5,5,21
QQ,node_24,20250512-10:03:00,event,2,4,6,5,21
QQ,node_25,20250512-10:03:00,event,2,3,5,4,21
QQ,node_26,20250512-10:03:00,event,2,3,5,5,21
QQ,node_27,20250512-10:06:00,event,2,3,5,5,22
QQ,node_28,20250512-10:06:00,event,2,3,5,4,22
QQ,node_29,20250512-10:06:00,thought,2,3,6,4,22
QQ,node_30,20250512-10:06:00,thought,2,3,6,5,22
QQ,node_31,20250512-10:06:00,thought,2,5,6,4,22
QQ,node_32,20250512-10:06:00,thought,1,4,6,5,22
QQ,node_33,20250512-10:06:00,thought,2,3,5,5,22
QQ,node_34,20250512-10:06:00,thought,2,3,6,5,22
QQ,node_35,20250512-10:06:00,thought,1,5,6,5,22
QQ,node_36,20250512-10:06:00,thought,2,4,6,4,22
QQ,node_37,20250512-10:06:00,thought,2,5,6,5,22
QQ,node_38,20250512-10:06:00,thought,2,5,5,5,22
QQ,node_39,20250512-10:06:00,thought,2,5,6,5,22
QQ,node_40,20250512-10:06:00,thought,2,4,6,3,22
QQ,node_41,20250512-10:06:00,thought,1,4,5,5,22
QQ,node_42,20250512-10:06:00,thought,2,4,6,5,22
QQ,node_43,20250512-10:06:00,thought,2,5,6,3,22
QQ,node_44,20250512-10:06:00,thought,2,4,5,5,22
QQ,node_45,20250512-10:06:00,thought,2,3,6,3,22
QQ,node_46,20250512-10:09:00,chat,2,3,6,5,23
QQ,node_47,20250512-10:12:00,event,2,3,6,3,24
QQ,node_48,20250512-10:12:00,event,2,3,6,5,24
QQ,node_49,20250512-10:18:00,event,2,4,6,5,26
QQ,node_50,20250512-10:21:00,chat,2,5,6,4,27
QQ,node_51,20250512-10:21:00,event,2,5,6,5,27
QQ,node_52,20250512-10:24:00,event,2,5,6,5,28
QQ,node_53,20250512-10:24:00,event,2,5,6,3,28
QQ,node_54,20250512-10:24:00,event,1,5,6,5,28
QQ,node_55,20250512-10:33:00,event,1,5,6,4,31
QQ,node_56,20250512-10:33:00,event,2,5,6,5,31
QQ,node_57,20250512-10:39:00,event,1,5,5,4,33
QQ,node_58,20250512-10:42:00,event,1,5,6,5,34
QQ,node_59,20250512-10:42:00,event,1,5,6,4,34
QQ,node_60,20250512-10:42:00,event,1,5,6,5,34
QQ,node_61,20250512-10:51:00,event,2,5,5,3,37
QQ,node_62,20250512-10:54:00,event,1,5,6,4,38
MissT,node_0,20250512-09:00:00,thought,1,8,8,7,0
MissT,node_1,20250512-09:03:00,chat,1,8,8,6,1
MissT,node_2,20250512-09:03:00,event,1,8,8,7,1
MissT,node_3,20250512-09:03:00,event,1,8,8,6,1
MissT,node_4,20250512-09:03:00,event,1,8,8,6,1
MissT,node_5,20250512-09:03:00,event,1,8,8,6,1
MissT,node_6,20250512-09:03:00,event,1,8,8,7,1
MissT,node_7,20250512-09:06:00,event,1,8,8,6,2
MissT,node_8,20250512-09:12:00,event,1,8,8,6,4
MissT,node_9,20250512-09:15:00,event,1,8,8,6,5
MissT,node_10,20250512-09:24:00,event,1,8,8,6,8
MissT,node_11,20250512-09:27:00,event,1,8,8,7,9
MissT,node_12,20250512-09:33:00,event,1,8,8,6,11
MissT,node_13,20250512-09:33:00,event,1,8,8,6,11
MissT,node_14,20250512-09:33:00,event,1,8,8,6,11
MissT,node_15,20250512-09:36:00,event,1,8,8,7,12
MissT,node_16,20250512-09:36:00,event,1,8,8,6,12
MissT,node_17,20250512-09:36:00,event,1,8,8,6,12
MissT,node_18,20250512-09:36:00,event,1,8,8,6,12
MissT,node_19,20250512-09:36:00,event,1,8,8,6,12
MissT,node_20,20250512-09:39:00,event,1,8,8,7,13
MissT,node_21,20250512-09:39:00,event,1,8,8,6,13
MissT,node_22,20250512-09:45:00,event,1,8,8,7,15
MissT,node_23,20250512-09:51:00,event,1,8,8,7,17
MissT,node_24,20250512-09:51:00,thought,1,8,8,6,17
MissT,node_25,20250512-09:51:00,thought,1,8,8,6,17
MissT,node_26,20250512-09:51:00,thought,1,8,8,6,17
MissT,node_27,20250512-09:51:00,thought,1,8,8,6,17
MissT,node_28,20250512-09:51:00,thought,1,8,8,7,17
MissT,node_29,20250512-09:51:00,thought,1,8,8,7,17
MissT,node_30,20250512-09:51:00,thought,1,8,8,7,17
MissT,node_31,20250512-09:51:00,thought,1,8,8,6,17
MissT,node_32,20250512-09:51:00,thought,1,8,8,6,17
MissT,node_33,20250512-09:51:00,thought,1,8,8,7,17
MissT,node_34,20250512-09:51:00,thought,1,8,8,6,17
MissT,node_35,20250512-09:51:00,thought,1,8,8,6,17
MissT,node_36,20250512-09:51:00,thought,1,8,8,7,17
MissT,node_37,20250512-09:51:00,thought,1,8,8,6,17
MissT,node_38,20250512-09:51:00,thought,1,8,8,7,17
MissT,node_39,20250512-09:51:00,thought,1,8,8,6,17
MissT,node_40,20250512-09:51:00,thought,1,8,8,7,17
MissT,node_41,20250512-09:54:00,event,1,8,8,6,18
MissT,node_42,20250512-09:54:00,event,1,8,8,6,18
MissT,node_43,20250512-09:54:00,event,1,8,8,6,18
MissT,node_44,20250512-09:54:00,event,1,8,8,6,18
MissT,node_45,20250512-09:54:00,event,1,8,8,7,18
MissT,node_46,20250512-09:57:00,event,1,8,8,7,19
MissT,node_47,20250512-09:57:00,event,1,8,8,6,19
MissT,node_48,20250512-10:00:00,event,1,8,8,6,20
MissT,node_49,20250512-10:00:00,event,1,8,8,6,20
MissT,node_50,20250512-10:03:00,chat,1,8,8,7,21
MissT,node_51,20250512-10:06:00,event,1,8,8,7,22
MissT,node_52,20250512-10:06:00,event,1,8,8,6,22
MissT,node_53,20250512-10:09:00,chat,1,8,8,6,23
MissT,node_54,20250512-10:09:00,event,1,8,8,6,23
MissT,node_55,20250512-10:09:00,event,1,8,8,6,23
MissT,node_56,20250512-10:12:00,event,1,8,8,7,24
MissT,node_57,20250512-10:18:00,event,1,8,8,7,26
MissT,node_58,20250512-10:21:00,chat,1,8,8,6,27
MissT,node_59,20250512-10:24:00,event,1,8,8,7,28
MissT,node_60,20250512-10:27:00,event,1,8,8,7,29
MissT,node_61,20250512-10:27:00,event,1,8,8,7,29
MissT,node_62,20250512-10:27:00,event,1,8,8,7,29
MissT,node_63,20250512-10:27:00,event,1,8,8,6,29
MissT,node_64,20250512-10:27:00,event,1,8,8,6,29
MissT,node_65,20250512-10:27:00,thought,1,8,8,7,29
MissT,node_66,20250512-10:27:00,thought,1,8,8,7,29
MissT,node_67,20250512-10:27:00,thought,1,8,8,7,29
MissT,node_68,20250512-10:27:00,thought,1,8,8,6,29
MissT,node_69,20250512-10:27:00,thought,1,8,8,6,29
MissT,node_70,20250512-10:27:00,thought,1,8,8,7,29
MissT,node_71,20250512-10:27:00,thought,1,8,8,6,29
MissT,node_72,20250512-10:27:00,thought,1,8,8,6,29
MissT,node_73,20250512-10:27:00,thought,1,8,8,7,29
MissT,node_74,20250512-10:27:00,thought,1,8,8,7,29
MissT,node_75,20250512-10:27:00,thought,1,8,8,6,29
MissT,node_76,20250512-10:27:00,thought,1,8,8,7,29
MissT,node_77,20250512-10:27:00,thought,1,8,8,7,29
MissT,node_78,20250512-10:27:00,thought,1,8,8,6,29
MissT,node_79,20250512-10:27:00,thought,1,8,8,7,29
MissT,node_80,20250512-10:27:00,thought,1,8,8,6,29
MissT,node_81,20250512-10:27:00,thought,1,8,8,7,29
MissT,node_82,20250512-10:30:00,event,1,8,8,6,30
MissT,node_83,20250512-10:33:00,chat,1,8,8,7,31
MissT,node_84,20250512-10:36:00,event,1,8,8,7,32
MissT,node_85,20250512-10:36:00,chat,1,8,8,7,32
MissT,node_86,20250512-10:36:00,event,1,8,8,7,32
MissT,node_87,20250512-10:42:00,event,1,8,8,6,34
MissT,node_88,20250512-10:42:00,event,1,8,8,7,34
MissT,node_89,20250512-10:42:00,event,1,8,8,7,34
MissT,node_90,20250512-10:45:00,event,1,8,8,7,35
MissT,node_91,20250512-10:45:00,event,1,8,8,6,35
MissT,node_92,20250512-10:48:00,chat,1,8,8,7,36
MissT,node_93,20250512-10:51:00,event,1,8,8,7,37
MissT,node_94,20250512-10:57:00,event,1,8,8,7,39
